Team_Name,Player_Name,GP,Min,SST,SSTexPts,Pts,Ast,TO,Ast_Turnover_Ratio,Stl,StlPos,Blk,TtlReb,OffReb,DefReb,FGA,FG_Made,FG_miss,FG,adjusted_FG,Two_FGA,Two_FG_Made,Two_FG_miss,Two_FG,Three_FGA,Three_FG_Made,Three_FG_miss,Three_FG,FTA,FT_Made,FT_miss,FT,AndOne,PFTkn,PFCom,Uploaded_Date
Concordia (WI) Falcons,Noah Gosse,16,15.6,0.73,0.43,3.6,0.4,0.6,0.70,1.3,0.4,0.1,3.4,0.8,2.6,3.8,1.4,2.4,36.1%,41%,1.9,1,0.9,51.6%,1.9,0.4,1.5,20%,0.6,0.4,0.1,77.8%,0,0.4,2.2,2019-01-30
Concordia (WI) Falcons,Isaiah Tenette,15,14.3,0.58,0.33,1.9,1.3,0.7,1.82,0.9,0.3,0,1.6,0.1,1.5,1.9,0.5,1.3,28.6%,28.6%,1.5,0.5,1,34.8%,0.3,0,0.3,0%,1.5,0.8,0.7,52.2%,0.1,1,0.8,2019-01-30
Concordia (WI) Falcons,Jared Jurss,17,17.4,0.67,0.39,3.6,4,2.1,1.89,0.6,1.1,0,1.4,0.4,1,3.9,1.4,2.6,34.3%,37.3%,2.8,1.1,1.6,40.4%,1.2,0.2,0.9,20%,1.2,0.6,0.6,52.4%,0.2,1.2,0.4,2019-01-30
Concordia (WI) Falcons,Jake Jurss,17,26.2,1.12,0.39,11.6,2.8,1.2,2.29,1.2,1.1,0.2,3.8,0.5,3.3,7.7,3.8,3.9,49.6%,64.9%,2.4,1.5,0.9,61%,5.3,2.4,2.9,44.4%,2.2,1.6,0.6,73%,0.4,1.8,1.9,2019-01-30
Concordia (WI) Falcons,George Olalekan,17,16.2,0.92,0.19,8,0.3,2,0.15,0.6,0.8,0.3,3.4,1.2,2.2,6.9,3.4,3.6,48.3%,50%,6.1,3.1,3,51%,0.8,0.2,0.6,28.6%,1.9,1.1,0.8,56.2%,0.4,2.1,2.6,2019-01-30
Concordia (WI) Falcons,Nolan Rhey,6,2.2,0.11,0.31,0,0.3,0.2,2,0.2,0,0,0,0,0,0.5,0,0.5,0%,0%,0.3,0,0.3,0%,0.2,0,0.2,0%,0,0,0,-,0,0,0,2019-01-30
Concordia (WI) Falcons,Michael Campbell,5,1.4,0.21,0.14,0.4,0,0,-,0,0,0,0.2,0,0.2,0.8,0.2,0.6,25%,25%,0.6,0.2,0.4,33.3%,0.2,0,0.2,0%,0,0,0,-,0,0,0.2,2019-01-30
Concordia (WI) Falcons,Joey Zietlow,16,13.4,0.87,0.40,4,0.8,0.6,1.33,1,0.4,0.3,1.9,0.4,1.5,3.4,1.5,1.9,43.6%,48.2%,2.2,1.2,1.1,52.8%,1.2,0.3,0.9,26.3%,1.1,0.7,0.4,61.1%,0.1,1.1,1.6,2019-01-30
Concordia (WI) Falcons,Braden Persinger,9,5.2,0.55,0.26,1.1,0.1,0.6,0.20,0.3,0.1,0,1.1,0.4,0.7,0.7,0.4,0.2,66.7%,83.3%,0.3,0.2,0.1,66.7%,0.3,0.2,0.1,66.7%,0,0,0,-,0,0,0.2,2019-01-30
Concordia (WI) Falcons,Brandon Keller,1,8,0.16,0,2,0,0,-,0,0,0,0,0,0,3,1,2,33.3%,33.3%,3,1,2,33.3%,0,0,0,-,0,0,0,-,0,0,3,2019-01-30
Concordia (WI) Falcons,Keller Brandon,17,8.6,1.08,0.38,3.6,0.3,0.4,0.71,0.1,0.2,0.1,2.1,0.9,1.1,2.8,1.4,1.4,51.1%,51.1%,2.8,1.4,1.4,51.1%,0,0,0,-,1.6,0.8,0.8,48.2%,0.2,1.2,1.1,2019-01-30
Concordia (WI) Falcons,Camden Flowers,4,1.5,0.70,0.83,0,0,0,-,0,0,0.2,0.5,0.2,0.2,0.2,0,0.2,0%,0%,0,0,0,-,0.2,0,0.2,0%,0,0,0,-,0,0,0.2,2019-01-30
Concordia (WI) Falcons,Andrew Fratzke,17,29.6,1.28,0.44,13.7,2.4,2.5,0.98,1.1,1.3,1.4,6.1,2.1,4,8.1,5.8,2.4,71%,71.4%,8.1,5.7,2.4,70.8%,0.1,0.1,0,100%,3,2.1,0.9,70.6%,0.3,2.4,2,2019-01-30
Concordia (WI) Falcons,Jordan Johnson,17,30.2,1.23,0.31,13.9,1.9,2.2,0.87,0.7,1.2,0.4,6.8,0.8,5.9,10.7,4.5,6.2,42.3%,46.7%,6.9,3.6,3.4,51.7%,3.8,0.9,2.8,25%,4.6,3.9,0.6,85.9%,0.2,3.3,1.8,2019-01-30
Concordia (WI) Falcons,Jacob Lord,13,3.5,0.61,0.39,0.6,0.2,0.2,1,0.4,0,0,0.5,0.1,0.5,0.5,0.2,0.2,50%,66.7%,0.2,0.1,0.1,50%,0.3,0.2,0.2,50%,0,0,0,-,0,0,0.5,2019-01-30
Concordia (WI) Falcons,Josh Hau,17,24.3,1.16,0.18,14.4,1.1,2,0.53,0.8,0.9,0,3.8,0.8,3,10,5.1,4.9,50.6%,61.8%,4.9,2.8,2.1,57.8%,5.1,2.2,2.9,43.7%,2.6,2,0.6,75.6%,0.4,2.3,2,2019-01-30
Lakeland (WI) Muskies,Deonte Carlton,16,8.2,0.85,0.44,2.4,0.8,0.8,1,0.3,0.2,0.2,2.1,0.3,1.8,2.4,0.9,1.5,36.8%,40.8%,1.9,0.7,1.2,35.5%,0.4,0.2,0.2,42.9%,0.9,0.4,0.4,50%,0,0.6,1.1,2019-01-30
Lakeland (WI) Muskies,Jequan Pegeese,20,20.8,0.94,0.30,8,1.3,1,1.30,1.1,0.4,0.1,3.1,0.2,2.9,6.6,2.5,4,38.2%,48.5%,3,1.2,1.9,37.7%,3.5,1.4,2.2,38.6%,2.4,1.6,0.8,66.7%,0.2,1.8,1.6,2019-01-30
Lakeland (WI) Muskies,Shakur Jinad,20,29,1.09,0.27,13.6,1.1,1.5,0.73,1.1,1,0.1,4.8,1.4,3.4,10.6,5,5.6,47.2%,51.4%,8.2,4.1,4,50.3%,2.4,0.9,1.6,36.7%,3.8,2.7,1.1,71%,0.6,3.2,2.6,2019-01-30
Lakeland (WI) Muskies,Carlos Campos,13,27.2,0.84,0.09,13.2,1.4,1.8,0.75,0.3,0.8,0,2.7,0.1,2.6,10.6,4.5,6.1,42.8%,53.6%,4.8,2.2,2.5,46.8%,5.8,2.3,3.5,39.5%,2.8,1.8,0.9,66.7%,0.5,2.5,1.7,2019-01-30
Lakeland (WI) Muskies,Pat McDonald,8,34.5,1.01,0.30,14.4,3.2,2,1.62,1.5,1.2,0.1,3.8,0.9,2.9,9.9,5.2,4.6,53.2%,61.4%,6.2,3.6,2.6,58%,3.6,1.6,2,44.8%,3.4,2.2,1.1,66.7%,0.2,2.2,2.1,2019-01-30
Lakeland (WI) Muskies,Desmond Longino,9,2.9,0.82,0.54,0.4,0.2,0.2,1,0.1,0.2,0.3,0.6,0.1,0.4,0.8,0.1,0.7,14.3%,14.3%,0.6,0.1,0.4,20%,0.2,0,0.2,0%,0.2,0.2,0,100%,0,0.1,0.7,2019-01-30
Lakeland (WI) Muskies,Caleb Matthias,1,1,0,0,0,0,0,-,0,0,0,0,0,0,0,0,0,-,-,0,0,0,-,0,0,0,-,0,0,0,-,0,0,0,2019-01-30
Lakeland (WI) Muskies,Anthony Guarascio,8,11.5,0.79,0.45,3.5,0.5,0.4,1.33,1,0,0.4,1.5,0.6,0.9,3.9,1.4,2.5,35.5%,41.9%,1.2,0.9,0.4,70%,2.6,0.5,2.1,19%,0.5,0.2,0.2,50%,0,0.6,1.1,2019-01-30
Lakeland (WI) Muskies,Alec Vandecastle,7,4.4,0.10,0.29,0,0,0,-,0.1,0,0,0.6,0.4,0.1,1,0,1,0%,0%,0.4,0,0.4,0%,0.6,0,0.6,0%,0,0,0,-,0,0,0.6,2019-01-30
Lakeland (WI) Muskies,Don Joachim,14,11.5,1.28,0.36,5.1,0.6,0.9,0.67,0.9,0.3,0.2,1.9,0.7,1.1,4.6,1.5,3.1,32.3%,34.6%,3.2,1.3,1.9,40%,1.4,0.2,1.2,15%,2.8,1.9,0.9,69.2%,0.1,1.4,1.7,2019-01-30
Lakeland (WI) Muskies,Garrett Duffin,20,27.2,0.85,0.37,8.3,1.9,1.3,1.46,1.2,0.8,0.2,5.2,1,4.3,7.6,2.7,4.8,35.8%,44%,3.5,1.4,2,41.4%,4,1.2,2.8,30.9%,2.9,1.6,1.2,56.9%,0.3,2,2.5,2019-01-30
Lakeland (WI) Muskies,Zach Hasenstein,18,22.6,0.99,0.21,10.4,1.9,2.1,0.95,0.7,1.4,0.2,2.4,0.6,1.8,8.7,3.6,5.1,41%,48.7%,4,2.2,1.8,55.6%,4.7,1.3,3.3,28.6%,2.6,2,0.6,78.3%,0.3,1.9,2.8,2019-01-30
Lakeland (WI) Muskies,Trent Nickel,15,10.5,0.54,0.25,2.5,0.7,0.3,2,0.1,0.2,0,1.3,0.5,0.8,2.8,0.9,1.9,33.3%,39.3%,1.2,0.6,0.6,50%,1.6,0.3,1.3,20.8%,0.4,0.3,0.1,66.7%,0.1,0.4,0.6,2019-01-30
Lakeland (WI) Muskies,Sam Kaminski,7,2.6,2.46,0.67,1.4,0,0,-,0,0,0,1.3,0.4,0.9,0.6,0.3,0.3,50%,50%,0.6,0.3,0.3,50%,0,0,0,-,0.9,0.9,0,100%,0,0.4,0.4,2019-01-30
Lakeland (WI) Muskies,Connor Ortman,1,1,0,0,0,0,0,-,0,0,0,0,0,0,0,0,0,-,-,0,0,0,-,0,0,0,-,0,0,0,-,0,0,0,2019-01-30
Lakeland (WI) Muskies,Eric Nygaard,19,23.5,1.07,0.43,9,1.4,1,1.37,0.9,0.3,0.4,5.2,1.6,3.6,6.7,3.4,3.3,50.8%,57%,4.5,2.6,1.9,57%,2.2,0.8,1.4,38.1%,1.7,1.3,0.4,75.8%,0.2,1.2,3.2,2019-01-30
Lakeland (WI) Muskies,Isaac Anderson,17,10.6,0.88,0.34,3.3,0.5,0.3,1.60,0.5,0.2,0.2,1.6,0.3,1.4,2.2,1.1,1.2,47.4%,60.5%,0.6,0.5,0.2,72.7%,1.6,0.6,1,37%,0.8,0.6,0.2,76.9%,0.1,0.4,0.5,2019-01-30
Lakeland (WI) Muskies,Travis Giese,1,1,0,0,0,0,0,-,0,0,0,0,0,0,0,0,0,-,-,0,0,0,-,0,0,0,-,0,0,0,-,0,0,0,2019-01-30
Benedictine (IL) Eagles,Bryan Jacobsze,20,26.4,1.10,0.34,10.4,1.8,1.8,1.03,1.1,1,0.4,4.4,1.4,3.1,8.9,3.4,5.4,38.8%,42.1%,6.2,2.8,3.4,46%,2.7,0.6,2.1,22.2%,3.4,2.9,0.6,84.1%,0.3,2.4,2.6,2019-01-30
Benedictine (IL) Eagles,Gio Calabrese,8,6.4,0.45,0.20,0.9,0.5,0.2,2,0.2,0,0,0.1,0.1,0,0.9,0.2,0.6,28.6%,35.7%,0.2,0.1,0.1,50%,0.6,0.1,0.5,20%,0.2,0.2,0,100%,0,0.4,0.4,2019-01-30
Benedictine (IL) Eagles,Marques Barnes,7,7,0.41,0.02,1.6,0.4,0.7,0.60,0,0.3,0.1,0.3,0.1,0.1,1.1,0.4,0.7,37.5%,56.2%,0.1,0,0.1,0%,1,0.4,0.6,42.9%,0.3,0.3,0,100%,0,0.1,1.1,2019-01-30
Benedictine (IL) Eagles,Derrick Faulkner,8,11.4,0.22,0.07,1.1,1.5,1.9,0.80,0.2,1,0,0.8,0.2,0.5,1,0.4,0.6,37.5%,43.8%,0.9,0.2,0.6,28.6%,0.1,0.1,0,100%,0.5,0.2,0.2,50%,0,0.5,1.4,2019-01-30
Benedictine (IL) Eagles,Hayden Helfrich,14,12.3,0.66,0.22,3.7,1.3,1,1.29,0.4,0.4,0,1,0.2,0.8,3.8,1.4,2.4,37.7%,40.6%,2.6,1.2,1.4,47.2%,1.2,0.2,1,17.6%,0.9,0.6,0.3,69.2%,0.1,0.8,0.9,2019-01-30
Benedictine (IL) Eagles,Troy Burrows,3,22,0.87,0.06,10.7,0.7,1,0.67,0,2,0,1.7,0.3,1.3,9,3.7,5.3,40.7%,48.2%,5.3,2.3,3,43.8%,3.7,1.3,2.3,36.4%,2.3,2,0.3,85.7%,0.7,1.3,1.3,2019-01-30
Benedictine (IL) Eagles,Keegan Graebner,17,13.6,0.59,0.22,3,1.1,0.5,2,0.5,0.2,0,0.6,0.2,0.5,2.6,1,1.6,37.8%,44.4%,1.2,0.6,0.6,52.4%,1.4,0.4,1.1,25%,0.8,0.6,0.2,78.6%,0.1,0.6,0.9,2019-01-30
Benedictine (IL) Eagles,Jaquan Phipps,13,11.6,0.26,0.13,1.6,0.2,1.2,0.19,0.5,0.5,0.1,1.8,0.6,1.2,2.2,0.7,1.5,32.1%,33.9%,1.7,0.6,1.1,36.4%,0.5,0.1,0.4,16.7%,0.3,0.2,0.2,50%,0,0.7,1.6,2019-01-30
Benedictine (IL) Eagles,Justin Chang,1,2,-1,-1,0,0,1,0,0,1,0,0,0,0,0,0,0,-,-,0,0,0,-,0,0,0,-,0,0,0,-,0,0,0,2019-01-30
Benedictine (IL) Eagles,Walter Taylor,5,5,1.36,0.76,1.8,0.6,0.2,3,0.6,0,0.2,1,0.4,0.6,1.4,0.6,0.8,42.9%,50%,1,0.4,0.6,40%,0.4,0.2,0.2,50%,0.8,0.4,0.4,50%,0,0.4,0.6,2019-01-30
Benedictine (IL) Eagles,Kenny Bogus,21,31.1,1.11,0.44,11.8,3.6,2.4,1.52,0.9,1.3,1.6,5.5,0.8,4.8,9,4,5,44.2%,52.1%,5.1,2.5,2.6,49.1%,3.8,1.4,2.4,37.5%,3.2,2.4,0.8,76.1%,0.2,2.7,2,2019-01-30
Benedictine (IL) Eagles,Carl Singletary,20,11.9,0.96,0.16,6.7,0.6,0.8,0.69,0.4,0.6,0,1.2,0.4,0.8,5.6,2.7,2.9,48.2%,54.5%,3.5,2,1.5,57.1%,2.1,0.7,1.4,33.3%,1,0.6,0.4,60%,0,0.8,0.8,2019-01-30
Benedictine (IL) Eagles,Michael Johnson,16,25.6,0.75,0.24,8.4,2.2,2.7,0.84,1.2,1.4,0.2,3.4,0.9,2.5,8.1,3.2,4.9,40%,41.9%,6.6,2.9,3.7,44.3%,1.5,0.3,1.2,20.8%,2.8,1.6,1.2,57.8%,0.4,2.2,2.4,2019-01-30
Benedictine (IL) Eagles,Kyle Graebner,21,25,0.78,0.21,7.7,1.6,1.3,1.22,1,0.8,0.1,2,0.2,1.8,6,2.2,3.9,36.2%,47.6%,2.2,0.8,1.4,37%,3.9,1.4,2.5,35.8%,2.3,1.9,0.4,83.3%,0.2,1.4,2.2,2019-01-30
Benedictine (IL) Eagles,Collin Mergl,21,9.1,0.68,0.24,2.8,0.5,0.7,0.71,0.1,0.2,0,2,0.3,1.7,2.3,1,1.3,42.9%,54.1%,1,0.5,0.5,47.6%,1.3,0.5,0.8,39.3%,0.5,0.3,0.2,60%,0,0.3,1.2,2019-01-30
Benedictine (IL) Eagles,Justis McNeal,6,2.7,2.07,0.19,2.5,0.2,0.2,1,0,0.2,0,0.3,0.2,0.2,1,0.7,0.3,66.7%,100%,0.2,0,0.2,0%,0.8,0.7,0.2,80%,0.7,0.5,0.2,75%,0,0.3,0.3,2019-01-30
Benedictine (IL) Eagles,Eric Grygo,21,29.4,1.39,0.53,14.6,1.2,1.8,0.68,1,0.9,1,9.8,3,6.8,8.8,6.1,2.7,69.2%,70.8%,8,5.8,2.1,73%,0.9,0.3,0.6,33.3%,3.8,2.1,1.7,55%,1,3.4,3,2019-01-30
Benedictine (IL) Eagles,Isaiah Gransberry,3,1.7,1.04,0.60,0.7,0.3,0.3,1,0,0.3,0,0.7,0.3,0.3,0.7,0.3,0.3,50%,50%,0.7,0.3,0.3,50%,0,0,0,-,0,0,0,-,0,0,0.3,2019-01-30
Benedictine (IL) Eagles,Kyle Hornacek,12,11.2,0.97,0.39,4.1,0.5,0.8,0.67,0.2,0.3,0.5,2.9,0.7,2.2,3.3,1.5,1.8,45%,52.5%,1.8,1,0.8,54.6%,1.5,0.5,1,33.3%,0.7,0.6,0.1,87.5%,0,0.6,2.2,2019-01-30
Benedictine (IL) Eagles,Mason Sobiesk,4,4,0.55,0.13,1.5,0.2,0,-,0,0,0,0,0,0,1.2,0.5,0.8,40%,60%,0.2,0,0.2,0%,1,0.5,0.5,50%,0,0,0,-,0,0,0,2019-01-30
Wisconsin Lutheran Warriors,Colin Biesterfeld,21,22.7,0.54,0.24,4.3,2.1,1.3,1.61,0.7,0.8,0,2,0.5,1.5,4.7,1.5,3.2,31.6%,36.7%,2.7,1,1.7,37.5%,2,0.5,1.5,23.8%,1,0.9,0.1,86.4%,0,1,1.5,2019-01-30
Wisconsin Lutheran Warriors,Caleb Goldstein,21,27.7,0.73,0.17,10.6,2,2.4,0.82,0.5,1.4,0.2,3.4,0.7,2.8,8.7,3.7,5,42.1%,53.8%,4,1.6,2.3,41%,4.8,2,2.7,43%,1.4,1.2,0.2,86.2%,0,1.2,0.8,2019-01-30
Wisconsin Lutheran Warriors,Biesterfeld Grant,14,3.5,1.03,0.41,1.8,0.6,0.6,1.12,0.3,0.3,0,0.4,0.3,0.1,1.5,0.9,0.6,57.1%,59.5%,1.4,0.8,0.6,55%,0.1,0.1,0,100%,0,0,0,-,0,0,0.4,2019-01-30
Wisconsin Lutheran Warriors,Williams Jordan,8,1.8,-.31,-.07,0,0,0.2,0,0,0,0.1,0.1,0,0.1,0.5,0,0.5,0%,0%,0.2,0,0.2,0%,0.2,0,0.2,0%,0,0,0,-,0,0,0.1,2019-01-30
Wisconsin Lutheran Warriors,Sam Kaufman,21,11.6,0.79,0.18,4.6,0.3,0.6,0.54,0.2,0.2,0,1.7,0.5,1.2,4.4,1.6,2.8,37%,42.4%,2.6,1.1,1.5,43.6%,1.8,0.5,1.3,27%,1.5,0.9,0.6,59.4%,0.2,1,2,2019-01-30
Wisconsin Lutheran Warriors,Bruggink Andrew,21,28.3,1.12,0.20,14.4,2.1,2.3,0.94,0.6,1,0.4,3.1,0.9,2.2,10.4,5.1,5.3,49.1%,56.2%,6.8,3.6,3.1,53.5%,3.6,1.5,2.1,40.8%,3.2,2.8,0.5,85.3%,0.2,2.5,2.2,2019-01-30
Wisconsin Lutheran Warriors,Lenz Isaiah,9,1.9,1.18,0.41,0.6,0,0.1,0,0.1,0.1,0.1,0.4,0.1,0.3,0.2,0.1,0.1,50%,75%,0.1,0,0.1,0%,0.1,0.1,0,100%,0.2,0.2,0,100%,0,0.1,0.4,2019-01-30
Wisconsin Lutheran Warriors,Randy Johnson,20,8.4,0.67,0.31,2.6,0.9,0.5,1.80,0.2,0.2,0,1.1,0.4,0.8,2.8,1,1.8,36.4%,45.4%,1,0.5,0.6,47.6%,1.7,0.5,1.2,29.4%,0.2,0.2,0.1,60%,0,0.2,0.6,2019-01-30
Wisconsin Lutheran Warriors,Matty Farner,21,24.5,1.06,0.62,6,1,0.7,1.57,1.9,0.3,0.8,6.8,2.4,4.3,4,2.3,1.8,56.5%,57.6%,3.7,2.2,1.5,59.7%,0.4,0.1,0.3,25%,2.3,1.3,1,55.1%,0.4,1.7,2.5,2019-01-30
Wisconsin Lutheran Warriors,Mack Knueppel,11,26.2,1.04,0.37,9.6,2.5,2,1.27,1.1,1.5,0.6,4.3,0.8,3.5,7,2.8,4.2,40.3%,53.2%,2.6,1,1.6,37.9%,4.4,1.8,2.5,41.7%,3,2.2,0.8,72.7%,0.2,2.3,3.2,2019-01-30
Wisconsin Lutheran Warriors,Herkstroeter Mason,4,1.8,0.06,0.29,0,0,0,-,0.2,0,0,0,0,0,0.5,0,0.5,0%,0%,0,0,0,-,0.5,0,0.5,0%,0,0,0,-,0,0,0.2,2019-01-30
Wisconsin Lutheran Warriors,Baehman Stephen,6,1.3,0.38,0.38,0,0.3,0.2,2,0,0,0,0.2,0,0.2,0,0,0,-,-,0,0,0,-,0,0,0,-,0,0,0,-,0,0,0,2019-01-30
Wisconsin Lutheran Warriors,Vancrete Alex,21,12.9,0.59,0.30,2.3,0.7,0.7,1,0.6,0.4,0.4,1.3,0.5,0.8,2.5,0.8,1.7,32.1%,34.9%,1.9,0.7,1.2,35.9%,0.7,0.1,0.5,21.4%,0.9,0.6,0.3,66.7%,0,0.8,1.8,2019-01-30
Wisconsin Lutheran Warriors,Bernhagen Drew,10,2.7,0.16,-.22,0.4,0.3,0.7,0.43,0,0.3,0,0.2,0,0.2,0.6,0,0.6,0%,0%,0.3,0,0.3,0%,0.3,0,0.3,0%,0.8,0.4,0.4,50%,0,0.4,0.2,2019-01-30
Wisconsin Lutheran Warriors,Paul Koier,20,8.8,1.20,0.54,2.7,0.4,0.8,0.56,0.2,0.3,0.3,3.2,1.2,1.9,1.8,0.9,1,48.6%,48.6%,1.8,0.9,1,48.6%,0,0,0,-,1.2,0.9,0.4,72%,0.1,0.8,2,2019-01-30
Wisconsin Lutheran Warriors,Collin Kennedy,21,30.7,1.41,0.25,21.3,1,2.7,0.39,0.5,0.8,0,8.2,1.7,6.5,16.4,8,8.5,48.4%,54.4%,11.6,6,5.6,51.6%,4.8,2,2.9,40.6%,4.4,3.5,1,78.5%,0.4,3.9,2.6,2019-01-30
Wisconsin Lutheran Warriors,Anthony Mendoza,17,4.5,0.56,0.36,1.1,0.5,0.5,1,0.4,0.4,0.1,0.5,0.2,0.2,1.3,0.5,0.8,36.4%,40.9%,0.6,0.4,0.2,60%,0.7,0.1,0.6,16.7%,0.1,0,0.1,0%,0.1,0.1,0.5,2019-01-30
Wisconsin Lutheran Warriors,Bailey Jon,5,1.8,1.66,1,1.2,0.2,0.2,1,0,0.2,0,1.2,0.6,0.6,1,0.6,0.4,60%,60%,1,0.6,0.4,60%,0,0,0,-,0.4,0,0.4,0%,0,0.2,0.6,2019-01-30
Wisconsin Lutheran Warriors,Zuleger Zach,10,2.5,0.94,0.56,0.9,0.1,0.2,0.50,0.3,0,0,0.7,0.3,0.4,0.8,0.4,0.4,50%,50%,0.8,0.4,0.4,50%,0,0,0,-,0.6,0.1,0.5,16.7%,0.1,0.4,0.1,2019-01-30
Wisconsin Lutheran Warriors,Beiermann Braden,6,1.7,1.59,0.20,1,0,0,-,0.2,0,0,0,0,0,0.5,0.3,0.2,66.7%,66.7%,0.3,0.3,0,100%,0.2,0,0.2,0%,0.5,0.3,0.2,66.7%,0,0.2,0,2019-01-30
Rockford Regents,Jeremiah Stewart,20,27.1,0.86,0.32,9.4,1.1,1.9,0.58,1.1,0.8,1.1,4.6,1.2,3.4,7.6,3.8,3.8,50.7%,52.6%,6.4,3.6,2.8,55.9%,1.2,0.3,1,24%,2.6,1.4,1.2,54.9%,0.4,1.8,3.2,2019-01-30
Rockford Regents,Talon Hardin,20,16.4,0.75,0.22,6,1.3,0.8,1.53,0.5,0.4,0.1,1.4,0.2,1.2,5,2.1,2.9,42%,52%,2.2,1.1,1,51.2%,2.8,1,1.8,35.1%,1.2,0.8,0.5,60%,0.1,0.9,1,2019-01-30
Rockford Regents,Zachary Little,4,2.5,0.31,0.10,0.2,0.2,0.5,0.50,0.2,0.2,0,0.2,0,0.2,0.5,0,0.5,0%,0%,0.5,0,0.5,0%,0,0,0,-,0.5,0.2,0.2,50%,0,0.2,0.2,2019-01-30
Rockford Regents,Brandon Emerick,20,31.3,0.85,0.29,12.1,3.8,2.8,1.36,1.6,1.5,0.1,3.4,0.5,2.8,11,4.4,6.6,39.7%,48.4%,5.6,2.4,3.1,44.1%,5.4,1.9,3.5,35.2%,2,1.5,0.4,76.9%,0.2,1.6,1.4,2019-01-30
Rockford Regents,Will Adams,19,17.3,1.13,0.33,7.2,1.3,0.8,1.50,0.6,0.5,0.2,2.5,0.9,1.6,6.4,2.3,4.1,36.4%,39.3%,5.2,1.9,3.3,37.4%,1.2,0.4,0.8,31.8%,2.6,2.2,0.4,83.7%,0.3,1.8,1.9,2019-01-30
Rockford Regents,Dante Cameron,3,2,-.30,-.17,0,0,0.3,0,0,0,0,0.3,0,0.3,0.3,0,0.3,0%,0%,0,0,0,-,0.3,0,0.3,0%,0,0,0,-,0,0,1,2019-01-30
Rockford Regents,Alonzo Mitchell,3,7.7,1.17,0.22,3,0.7,0.7,1,0,0,0,1,0.7,0.3,3.3,0.7,2.7,20%,20%,1.7,0.7,1,40%,1.7,0,1.7,0%,2,1.7,0.3,83.3%,0,1.7,0.7,2019-01-30
Rockford Regents,Christian Payne,9,6.1,0.29,0.13,1.1,0.7,0.3,2,0,0.3,0,0.1,0,0.1,1.3,0.4,0.9,33.3%,41.7%,0.6,0.2,0.3,40%,0.8,0.2,0.6,28.6%,0,0,0,-,0,0,0.9,2019-01-30
Rockford Regents,Jose Trinidad,4,2.2,-.72,-.44,0,0,0.5,0,0,0,0,0,0,0,0.8,0,0.8,0%,0%,0.2,0,0.2,0%,0.5,0,0.5,0%,0,0,0,-,0,0,0.2,2019-01-30
Rockford Regents,Damon Hofmann,3,2.7,1.22,0.25,1.7,0,0,-,0,0,0,0.3,0.3,0,0.7,0.7,0,100%,125%,0.3,0.3,0,100%,0.3,0.3,0,100%,0,0,0,-,0,0,0.3,2019-01-30
Rockford Regents,Denzel Halliburton,6,10.5,0.51,-.05,4,0.3,1.5,0.22,0,0.3,0,1.5,0.3,1.2,3.5,1.3,2.2,38.1%,50%,2.2,0.5,1.7,23.1%,1.3,0.8,0.5,62.5%,0.5,0.5,0,100%,0.2,0.7,0.8,2019-01-30
Rockford Regents,Taylor Krocker,20,17.8,1.19,0.34,9.2,0.6,1.3,0.50,0.4,0.4,0.4,4.4,1.2,3.2,7,3.6,3.3,52.5%,56.8%,5.4,3,2.4,56.5%,1.6,0.6,1,38.7%,2,1.4,0.7,65.8%,0,1.6,3,2019-01-30
Rockford Regents,Corin Daniel,1,3,0,0,0,0,0,-,0,0,0,0,0,0,0,0,0,-,-,0,0,0,-,0,0,0,-,0,0,0,-,0,0,1,2019-01-30
Rockford Regents,Timothy Zahm,4,3.8,0.58,0.33,1,0.2,0.2,1,0.2,0,0,0.5,0.2,0.2,1.2,0.5,0.8,40%,40%,0.8,0.5,0.2,66.7%,0.5,0,0.5,0%,0,0,0,-,0,0,1,2019-01-30
Rockford Regents,Kivontay Shaw,20,26.7,0.88,0.32,8.2,1.7,1.2,1.36,0.6,1,0.2,5,1.3,3.6,6.2,2.8,3.4,44.7%,53.7%,3.4,1.6,1.7,49.2%,2.8,1.1,1.7,39.3%,2,1.6,0.3,84.6%,0.2,1.6,2.2,2019-01-30
Rockford Regents,Clayton Bachman,5,2.4,0.36,0.25,0.4,0.2,0.4,0.50,0,0,0,0.8,0.2,0.6,0.6,0.2,0.4,33.3%,33.3%,0.6,0.2,0.4,33.3%,0,0,0,-,0,0,0,-,0,0,0,2019-01-30
Rockford Regents,Tony Diemer,20,31.4,1.26,0.30,17.8,2,2.2,0.93,0.8,1.2,0.1,6.2,1.9,4.2,14.6,6.6,8,45.1%,49.2%,11.8,5.4,6.4,45.6%,2.8,1.2,1.6,42.9%,4.2,3.4,0.9,78.8%,0.4,3.1,2.6,2019-01-30
Rockford Regents,Kevin Diemer,19,29.2,1.02,0.46,10,2.2,1.3,1.64,0.4,0.8,0.6,7.8,2.1,5.8,8.3,3.8,4.5,45.6%,49%,6.9,3.2,3.7,46.6%,1.4,0.6,0.8,40.7%,3.1,1.8,1.2,60.3%,0.4,2.4,1.9,2019-01-30
Rockford Regents,Sunil Saldano,1,1,0,0,0,0,0,-,0,0,0,0,0,0,0,0,0,-,-,0,0,0,-,0,0,0,-,0,0,0,-,0,0,1,2019-01-30
Rockford Regents,Randy Stegenga,5,2.2,0.84,0.27,0.8,0,0,-,0,0,0,0.6,0,0.6,0.4,0.4,0,100%,100%,0.4,0.4,0,100%,0,0,0,-,0,0,0,-,0,0,0.2,2019-01-30
Rockford Regents,Quentin Hernandez,2,2,1,1,0,0.5,0,-,0,0,0,0.5,0.5,0,0,0,0,-,-,0,0,0,-,0,0,0,-,0,0,0,-,0,0,0,2019-01-30
Edgewood College (WI) Eagles,Mcclain Steffens,18,23.3,1.03,0.24,8.9,2.1,1.4,1.52,0.3,0.7,0.2,2.7,0.6,2.1,5.7,2.6,3.1,46.1%,56.4%,3.3,1.4,1.9,43.3%,2.3,1.2,1.2,50%,3.2,2.5,0.7,79%,0.3,2.3,3.3,2019-01-30
Edgewood College (WI) Eagles,Sy Staver,20,32.4,0.46,0.25,5,3,1.8,1.69,0.7,1,0.2,3.4,0.4,3,4.1,1.6,2.4,40.2%,54.3%,1.3,0.5,0.8,38.5%,2.8,1.2,1.6,41.1%,0.9,0.5,0.4,55.6%,0,0.7,1.6,2019-01-30
Edgewood College (WI) Eagles,Will Schwartz,13,3.7,0.78,0.46,0.8,0.2,0.2,0.67,0.1,0.2,0.2,1.1,0.2,0.9,0.8,0.3,0.5,40%,40%,0.7,0.3,0.4,44.4%,0.1,0,0.1,0%,0.2,0.2,0.1,66.7%,0,0.3,0.2,2019-01-30
Edgewood College (WI) Eagles,Tyler Lemke,13,13.9,0.71,0.32,3.8,1.1,1.5,0.74,0.5,0.6,0.7,2.3,0.6,1.7,4.1,1.5,2.6,35.8%,38.7%,2.9,1.2,1.7,42.1%,1.2,0.2,0.9,20%,0.8,0.6,0.2,80%,0.1,1.1,2.5,2019-01-30
Edgewood College (WI) Eagles,Avery Lyons,19,7.3,1.31,0.20,3.4,0.4,0.6,0.64,0.2,0.2,0,1.2,0.3,0.8,2.5,0.9,1.6,36.2%,40.4%,1.9,0.7,1.3,35.1%,0.5,0.2,0.3,40%,1.7,1.4,0.3,84.4%,0.1,1.2,0.7,2019-01-30
Edgewood College (WI) Eagles,Jake Negus,20,31.4,1.62,0.26,19.2,3,2.2,1.33,0.8,1,0.1,4.6,0,4.5,11.6,5.4,6.2,46.8%,55.6%,6,3.4,2.6,57.1%,5.7,2,3.6,36%,7.8,6.2,1.6,79.6%,0.8,6,1.8,2019-01-30
Edgewood College (WI) Eagles,Ryan Buss,20,10,0.81,0.36,2.8,0.4,0.6,0.64,0.2,0.1,0.2,2.2,0.9,1.3,2.5,1,1.4,42%,42%,2.4,1,1.4,43.8%,0.1,0,0.1,0%,1.2,0.6,0.6,52%,0,0.8,1.6,2019-01-30
Edgewood College (WI) Eagles,Jacob Miller,20,18.6,0.48,0.17,4.2,0.9,1.2,0.78,0.4,0.6,0,2.6,0.2,2.4,4.1,1.4,2.6,35.4%,44.5%,1.6,0.7,0.8,45.2%,2.6,0.8,1.8,29.4%,0.6,0.5,0.2,76.9%,0,0.7,1.9,2019-01-30
Edgewood College (WI) Eagles,Hill Caleb,4,0.5,0.93,-1,0.2,0,0.2,0,0,0,0,0,0,0,0,0,0,-,-,0,0,0,-,0,0,0,-,0.5,0.2,0.2,50%,0,0.2,0.2,2019-01-30
Edgewood College (WI) Eagles,Matthew Myers,20,14.6,0.44,0.18,3.2,1,0.6,1.58,0.4,0.4,0,1.1,0.1,1,3.2,1.2,2.1,35.4%,44.6%,1,0.6,0.5,52.4%,2.2,0.6,1.6,27.3%,0.4,0.2,0.2,62.5%,0,0.4,1.1,2019-01-30
Edgewood College (WI) Eagles,Caleb Holzman,11,2.1,0.72,0.57,0.3,0.1,0,-,0.1,0,0.1,0.5,0.2,0.3,0.5,0.1,0.4,20%,20%,0.3,0.1,0.2,33.3%,0.2,0,0.2,0%,0.2,0.1,0.1,50%,0,0.2,0.1,2019-01-30
Edgewood College (WI) Eagles,Emil Radisevic,20,28.2,0.96,0.38,11,1.7,1.4,1.21,0.6,0.7,0.2,7.6,1,6.6,9.6,4.5,5.2,46.6%,50.5%,7.8,3.8,4,48.4%,1.9,0.8,1.2,39.5%,1.8,1.3,0.4,74.3%,0.1,1.4,1.8,2019-01-30
Edgewood College (WI) Eagles,Jake Graf,13,2.6,0.13,0.15,0.2,0.1,0.3,0.25,0,0.2,0,0.6,0.2,0.4,0.8,0.1,0.7,10%,10%,0.4,0.1,0.3,20%,0.4,0,0.4,0%,0.2,0.1,0.1,50%,0,0.2,0.3,2019-01-30
Edgewood College (WI) Eagles,Kyle Geiger,2,1.5,-.30,0,0,0,0,-,0,0,0,0,0,0,0.5,0,0.5,0%,0%,0.5,0,0.5,0%,0,0,0,-,0,0,0,-,0,0,0,2019-01-30
Edgewood College (WI) Eagles,Eli Hartjes,10,2.4,0.70,0.42,0.6,0.1,0.1,1,0.1,0,0,0.6,0.2,0.4,0.5,0.3,0.2,60%,60%,0.5,0.3,0.2,60%,0,0,0,-,0.1,0,0.1,0%,0.1,0.1,0.2,2019-01-30
Edgewood College (WI) Eagles,Ben Seefeld,20,22.2,1.11,0.23,12.3,0.6,1,0.57,0.5,0.4,0.1,3.4,1.2,2.2,9.4,5.2,4.2,55.1%,58%,8,4.6,3.4,57.1%,1.3,0.6,0.8,42.3%,1.8,1.4,0.4,78.4%,0.4,1.6,1.6,2019-01-30
Edgewood College (WI) Eagles,Jaden Lechelt,7,2.4,0.53,0.59,0.4,0.3,0.1,2,0.1,0.1,0,0.6,0.3,0.3,1.1,0.1,1,12.5%,18.8%,0.1,0,0.1,0%,1,0.1,0.9,14.3%,0,0,0,-,0,0,0.3,2019-01-30
Edgewood College (WI) Eagles,Anthony Janega,4,0.5,1.55,0,0.5,0,0,-,0,0,0,0,0,0,0.2,0.2,0,100%,100%,0.2,0.2,0,100%,0,0,0,-,0,0,0,-,0,0,0,2019-01-30
Illinois Tech Scarlet Hawks,Anthony Mosley,16,33.4,1.30,0.38,16.9,4.6,3.1,1.48,1.6,1.8,1.1,3.9,0.7,3.2,12.2,6.1,6.1,50.3%,54.9%,9.2,5,4.2,54.4%,3,1.1,1.9,37.5%,4.8,3.5,1.2,73.7%,0.6,3.7,1.5,2019-01-30
Illinois Tech Scarlet Hawks,Ben Wagner,3,0.7,0,0,0,0,0,-,0,0,0,0,0,0,0,0,0,-,-,0,0,0,-,0,0,0,-,0,0,0,-,0,0,0.3,2019-01-30
Illinois Tech Scarlet Hawks,Heath Sheridan,1,2,0,0,0,0,0,-,0,0,0,0,0,0,0,0,0,-,-,0,0,0,-,0,0,0,-,0,0,0,-,0,0,0,2019-01-30
Illinois Tech Scarlet Hawks,Ahmad Muhammad,21,23.1,0.54,0.16,7.3,1.2,1,1.18,0.5,0.5,0.1,1.8,0.4,1.3,8,2.7,5.3,33.7%,40.5%,4.7,1.6,3,34.7%,3.4,1.1,2.3,32.4%,1.2,0.8,0.5,61.5%,0,1,1.8,2019-01-30
Illinois Tech Scarlet Hawks,Jake Bruns,19,17,0.44,0.15,4.6,1,0.8,1.19,0.3,0.2,0,1.3,0.4,0.9,4.8,1.6,3.2,34.1%,46.7%,1.3,0.4,0.8,33.3%,3.5,1.2,2.3,34.3%,0.3,0.2,0.1,60%,0.1,0.5,1.6,2019-01-30
Illinois Tech Scarlet Hawks,Jalen Lomax,6,2.7,0.82,0.25,0.8,0.2,0.3,0.50,0,0,0,0.8,0.2,0.7,0.7,0.3,0.3,50%,50%,0.7,0.3,0.3,50%,0,0,0,-,0.2,0.2,0,100%,0.2,0.2,0.5,2019-01-30
Illinois Tech Scarlet Hawks,Calvin Schmitz,21,10.5,0.22,0.10,1.5,0.3,0.6,0.46,0,0.2,0,1.1,0.3,0.8,2,0.6,1.4,31%,36.9%,0.9,0.4,0.5,44.4%,1.1,0.2,0.9,20.8%,0.1,0,0,50%,0,0.1,1,2019-01-30
Illinois Tech Scarlet Hawks,Capriest Gardner,17,7.4,0.27,0.13,1.2,0.3,0.7,0.42,0.2,0.3,0,1.2,0.2,0.9,1.5,0.6,0.9,40%,40%,1.4,0.6,0.8,41.7%,0.1,0,0.1,0%,0,0,0,-,0,0.1,0.8,2019-01-30
Illinois Tech Scarlet Hawks,Otis Reale,13,16.6,0.71,0.16,7.1,1.8,1.2,1.44,0.2,0.4,0,1.1,0.1,1,7,2.9,4.1,41.8%,46.2%,4.8,2.3,2.5,48.4%,2.2,0.6,1.6,27.6%,0.8,0.6,0.2,72.7%,0.1,0.8,1.5,2019-01-30
Illinois Tech Scarlet Hawks,Brett Ott,7,3.3,1.61,0.17,2,0.3,0.1,2,0,0,0,0.3,0,0.3,0.9,0.6,0.3,66.7%,75%,0.7,0.4,0.3,60%,0.1,0.1,0,100%,1.1,0.7,0.4,62.5%,0,0.4,0,2019-01-30
Illinois Tech Scarlet Hawks,Jake Digiorgio,21,32.5,1.27,0.60,13.5,1,2,0.48,1,0.7,0.6,13.4,4.9,8.6,11.1,5.3,5.8,47.9%,50%,9.9,4.9,5,49.3%,1.3,0.5,0.8,37%,3.7,2.3,1.4,62.8%,0.5,2.9,2.6,2019-01-30
Illinois Tech Scarlet Hawks,Max Hisatake,20,28.7,1.39,0.49,13,1.9,2.8,0.67,1,1.2,1.2,9.2,2.4,6.8,9.7,4.7,5,48.4%,49%,9.2,4.6,4.6,50.3%,0.6,0.1,0.4,18.2%,4.8,3.6,1.3,73.2%,0.3,4.6,3.6,2019-01-30
Illinois Tech Scarlet Hawks,Milos Dugalic,21,17,0.52,0.25,3.9,1.1,1.7,0.64,0.6,0.6,0.3,3,0.5,2.5,4,1.6,2.5,38.8%,44.1%,2.4,1.1,1.2,48%,1.7,0.4,1.2,25.7%,0.5,0.3,0.2,54.6%,0,0.5,1.1,2019-01-30
Illinois Tech Scarlet Hawks,Cody Mattson,9,3.9,0.43,0.49,0.2,0.3,0.2,1.50,0,0.2,0.3,0.9,0.1,0.8,0.8,0.1,0.7,14.3%,14.3%,0.4,0.1,0.3,25%,0.3,0,0.3,0%,0,0,0,-,0,0,0.3,2019-01-30
Illinois Tech Scarlet Hawks,Parker Joncus,19,21.1,0.42,0.12,4.2,1,1.2,0.83,0.4,0.7,0.2,1.7,0.2,1.5,3.4,1.3,2.1,39.1%,53.1%,0.7,0.4,0.4,50%,2.6,0.9,1.7,36%,0.8,0.6,0.2,73.3%,0,0.6,1.4,2019-01-30
Illinois Tech Scarlet Hawks,Guy Ostroff,1,2,0.50,0.50,0,0,0,-,0,0,0,1,0,1,0,0,0,-,-,0,0,0,-,0,0,0,-,0,0,0,-,0,0,1,2019-01-30
Illinois Tech Scarlet Hawks,Ricardo Whitehead,18,4.6,0.27,0.13,0.4,0.2,0.5,0.44,0.1,0.1,0,0.8,0.2,0.6,0.5,0.2,0.3,33.3%,33.3%,0.5,0.2,0.3,33.3%,0,0,0,-,0.3,0.1,0.2,40%,0,0.2,0.8,2019-01-30
Illinois Tech Scarlet Hawks,Kohl Linder,15,4.7,0.37,0.21,0.5,0,0.1,0,0.1,0.1,0,0.8,0.3,0.5,0.4,0.3,0.1,66.7%,66.7%,0.4,0.3,0.1,66.7%,0,0,0,-,0,0,0,-,0,0,0.9,2019-01-30
Illinois Tech Scarlet Hawks,Zach Parduhn,16,4.4,0.29,0.19,0.6,0.4,0.2,2,0,0.1,0.1,0.1,0.1,0.1,0.7,0.2,0.4,36.4%,40.9%,0.2,0.2,0.1,75%,0.4,0.1,0.4,14.3%,0.1,0,0.1,0%,0.1,0.1,0.6,2019-01-30
Milwaukee School of Engineering,Kam Mitchell,7,3.4,1.91,0.58,1.7,0.3,0.4,0.67,0.4,0,0,0.9,0.6,0.3,1.3,0.4,0.9,33.3%,33.3%,1.1,0.4,0.7,37.5%,0.1,0,0.1,0%,0.9,0.9,0,100%,0,0.3,0.7,2019-01-30
Milwaukee School of Engineering,Jason Palesse,19,26.5,1.38,0.61,9.7,5.5,1.6,3.39,1.6,0.9,0.2,3.7,1.1,2.7,6.4,3.2,3.3,49.2%,54.1%,4.7,2.5,2.2,53.9%,1.7,0.6,1.1,36.4%,3.5,2.8,0.7,80.3%,0.4,3.3,1.1,2019-01-30
Milwaukee School of Engineering,Noah Blue,7,2.3,0.71,0.44,0.4,0.1,0.1,1,0,0,0,0.7,0.3,0.4,0.6,0.1,0.4,25%,25%,0.4,0.1,0.3,33.3%,0.1,0,0.1,0%,0.3,0.1,0.1,50%,0,0.1,0,2019-01-30
Milwaukee School of Engineering,Zach Krysztopik,3,1.7,-.36,0,0,0,0,-,0,0,0,0,0,0,0.7,0,0.7,0%,0%,0.7,0,0.7,0%,0,0,0,-,0,0,0,-,0,0,0,2019-01-30
Milwaukee School of Engineering,Michael Pitrof,19,19.8,1.18,0.35,9.7,2.4,1.9,1.24,0.6,1.3,0.2,3.8,0.6,3.2,6.8,3.9,2.8,58.1%,61.2%,5.5,3.5,2,63.8%,1.3,0.4,0.8,33.3%,1.8,1.4,0.4,76.5%,0.2,1.4,1.1,2019-01-30
Milwaukee School of Engineering,Bailey Mcdaniel,19,13.3,0.72,0.34,3.3,1.6,0.7,2.38,0.3,0.4,0,1.7,0.3,1.4,2.7,1.1,1.6,40.4%,51%,1.4,0.5,0.8,38.5%,1.4,0.6,0.8,42.3%,0.6,0.5,0.2,75%,0.2,0.7,1.4,2019-01-30
Milwaukee School of Engineering,Sammy Linn,19,12.5,1.16,0.34,5.9,1.1,1.5,0.72,0.7,0.4,0.2,2.7,0.6,2.1,4.4,2.2,2.2,50%,54.2%,3.5,1.8,1.7,52.2%,0.9,0.4,0.5,41.2%,1.5,1.1,0.4,75%,0.2,1.4,1.9,2019-01-30
Milwaukee School of Engineering,Josh Herzog,19,13.7,0.88,0.19,6.1,1.1,1.3,0.80,0.5,0.5,0.2,1.7,0.1,1.6,3.9,2.4,1.5,60.8%,71.6%,2.2,1.5,0.6,70.7%,1.7,0.8,0.9,48.5%,0.9,0.5,0.4,58.8%,0.2,0.8,1.5,2019-01-30
Milwaukee School of Engineering,Matthew Kirmse,19,28.3,1.42,0.25,18.9,1.1,1.3,0.88,0.6,0.6,0.2,4.9,0.8,4.1,12.1,6.6,5.5,54.4%,66.1%,6.2,3.7,2.5,60.2%,5.9,2.8,3.1,48.2%,3.6,2.9,0.6,82.4%,0.5,3,1.2,2019-01-30
Milwaukee School of Engineering,Jack Haek,7,2.1,-.10,0.07,0,0,0.1,0,0,0.1,0,0.4,0,0.4,0.4,0,0.4,0%,0%,0.1,0,0.1,0%,0.3,0,0.3,0%,0,0,0,-,0,0,0,2019-01-30
Milwaukee School of Engineering,Deonte Vanselow,7,2.6,0.38,0.06,0.9,0,0.6,0,0.1,0.6,0,0.7,0.3,0.4,1,0.4,0.6,42.9%,42.9%,0.9,0.4,0.4,50%,0.1,0,0.1,0%,0,0,0,-,0,0.6,0.6,2019-01-30
Milwaukee School of Engineering,David Llorente,15,3.3,1.01,0.10,1.1,0.2,0.4,0.50,0.2,0.2,0,0.3,0.1,0.2,0.5,0.2,0.3,42.9%,50%,0.1,0.1,0,100%,0.3,0.1,0.3,20%,0.9,0.6,0.3,64.3%,0,0.3,0.4,2019-01-30
Milwaukee School of Engineering,Gabe Wear,12,20.8,0.67,0.14,6.1,0.6,0.8,0.70,0.4,0.2,0.1,1.8,0.8,1,4.2,1.9,2.2,46%,58%,2,0.9,1.1,45.8%,2.2,1,1.2,46.2%,1.8,1.2,0.5,71.4%,0.1,1.1,2.2,2019-01-30
Milwaukee School of Engineering,Ty Miklowski,13,8.9,1.04,0.50,2.5,0.7,0.4,1.80,0.4,0.2,0.2,2.1,0.7,1.4,2.1,0.8,1.2,40.7%,42.6%,1.7,0.8,0.9,45.4%,0.4,0.1,0.3,20%,1.3,0.8,0.5,58.8%,0.1,0.7,1.6,2019-01-30
Milwaukee School of Engineering,Jake Gebert,17,20.6,1.47,0.62,8.8,1.9,0.9,2.13,0.5,0.5,0.9,6.4,1.6,4.7,5.9,3.1,2.8,52%,56.5%,4.7,2.5,2.2,53.8%,1.2,0.5,0.6,45%,2.8,2.2,0.6,77.1%,0.2,1.9,0.8,2019-01-30
Milwaukee School of Engineering,Will Busch,8,3.1,1.04,1,0.4,0.4,0.5,0.75,0.4,0.4,0.1,1.6,0.8,0.9,1,0.1,0.9,12.5%,12.5%,0.5,0.1,0.4,25%,0.5,0,0.5,0%,0.2,0.1,0.1,50%,0,0.2,0.1,2019-01-30
Milwaukee School of Engineering,Matt Powers,9,2,0.11,0.44,0,0,0.1,0,0,0.1,0.1,0.6,0.3,0.2,0.4,0,0.4,0%,0%,0.4,0,0.4,0%,0,0,0,-,0.3,0,0.3,0%,0,0.2,0.2,2019-01-30
Milwaukee School of Engineering,Travis Ballard,19,17.4,0.99,0.36,7.6,0.4,0.7,0.62,0.3,0.4,1.1,3.1,0.8,2.3,6.7,3.4,3.3,50.4%,51.6%,6.3,3.2,3.1,51.3%,0.4,0.2,0.3,37.5%,0.9,0.7,0.2,82.4%,0.2,0.8,2.2,2019-01-30
Milwaukee School of Engineering,Anthony Bartman,15,4.7,0.78,0.39,1.5,0,0.3,0,0,0.1,0.5,1.1,0.3,0.8,1.2,0.7,0.5,61.1%,61.1%,1.2,0.7,0.5,61.1%,0,0,0,-,0.5,0.1,0.4,14.3%,0,0.3,1,2019-01-30
Milwaukee School of Engineering,Dylan Hamlin,18,9.2,0.86,0.35,2.7,0.2,0.6,0.36,0,0.3,0.7,2.2,0.4,1.8,2.3,1,1.3,42.9%,42.9%,2.3,1,1.3,42.9%,0,0,0,-,1.1,0.7,0.4,60%,0.2,1,1.8,2019-01-30
Concordia (Chicago) Cougars,Joel Childers,9,3.6,0.57,0.19,1,0.2,0,-,0.1,0,0,0,0,0,0.6,0.3,0.2,60%,90%,0,0,0,-,0.6,0.3,0.2,60%,0,0,0,-,0,0,0.2,2019-01-30
Concordia (Chicago) Cougars,Sawyer Concklin,17,12.2,0.73,0.15,5.3,0.4,0.8,0.50,0.4,0.5,0.2,1.3,0.2,1.1,4.6,1.8,2.9,38%,52.5%,1.6,0.4,1.2,25.9%,3.1,1.4,1.7,44.2%,0.5,0.4,0.1,77.8%,0.1,0.8,1.8,2019-01-30
Concordia (Chicago) Cougars,Jamaal Thomas,8,2.9,0.31,0.04,0.6,0.1,0.4,0.33,0.2,0.2,0,0.1,0,0.1,0.5,0.2,0.2,50%,62.5%,0.2,0.1,0.1,50%,0.2,0.1,0.1,50%,0,0,0,-,0,0,0.6,2019-01-30
Concordia (Chicago) Cougars,Justin Schwarz,9,25.4,0.69,0.15,9.7,1.3,1.8,0.75,0.4,1.1,0.1,3.4,0.2,3.2,9.9,4,5.9,40.4%,42.7%,6.9,3.6,3.3,51.6%,3,0.4,2.6,14.8%,1.4,1.2,0.2,84.6%,0.1,1.1,1.8,2019-01-30
Concordia (Chicago) Cougars,Mitch Pelissier,19,33.6,1.36,0.26,20.5,3.7,3.5,1.08,1.2,1.9,0.3,4.4,0.8,3.6,16.5,7.1,9.4,43.1%,48.1%,11.4,5.5,5.9,47.9%,5.1,1.6,3.4,32.3%,6.1,4.7,1.4,77.4%,0.4,4.4,2.4,2019-01-30
Concordia (Chicago) Cougars,Cade Mousel,11,6.7,0.67,0.28,2.8,0.4,0,-,0.5,0,0,0.2,0.1,0.1,3.1,1,2.1,32.4%,45.6%,0.3,0.2,0.1,66.7%,2.8,0.8,2,29%,0.1,0,0.1,0%,0.1,0.1,0.6,2019-01-30
Concordia (Chicago) Cougars,Neil Odonnell,16,25.1,0.48,0.30,3.1,2.8,1.4,1.91,0.9,0.7,0.2,2.2,0.5,1.8,3.2,1.1,2.1,34.6%,40.4%,2.2,0.8,1.4,34.3%,1.1,0.4,0.7,35.3%,0.8,0.5,0.2,66.7%,0,0.7,2.9,2019-01-30
Concordia (Chicago) Cougars,Jalen Meeks,17,29.3,1.18,0.39,15.4,1.5,1.8,0.87,1.9,0.7,0.6,5.6,1.4,4.2,12.4,6.3,6.1,50.7%,55%,10.1,5.2,4.8,52%,2.4,1.1,1.3,45%,2.8,1.8,1.1,62.5%,0.5,2.5,3.3,2019-01-30
Concordia (Chicago) Cougars,Evan Snyder,7,6.1,1.10,0.23,4,0.3,0.1,2,0.3,0.1,0,0.6,0,0.6,3.4,1.3,2.1,37.5%,54.2%,0.6,0.1,0.4,25%,2.9,1.1,1.7,40%,0.3,0.3,0,100%,0,0.1,1.7,2019-01-30
Concordia (Chicago) Cougars,Gabe Elias,1,4,-.20,0,0,0,0,-,0,0,0,0,0,0,1,0,1,0%,0%,0,0,0,-,1,0,1,0%,0,0,0,-,0,0,1,2019-01-30
Concordia (Chicago) Cougars,Kenta Jones,4,3,0.18,0,0.2,0,0.2,0,0,0,0,0.2,0.2,0,0.5,0,0.5,0%,0%,0.2,0,0.2,0%,0.2,0,0.2,0%,0.5,0.2,0.2,50%,0,0.2,0,2019-01-30
Concordia (Chicago) Cougars,Richard Rapp,3,2,1.52,0.50,1,0.3,0,-,0,0,0,0.3,0,0.3,0.7,0.3,0.3,50%,50%,0.3,0.3,0,100%,0.3,0,0.3,0%,0.7,0.3,0.3,50%,0,0.3,0,2019-01-30
Concordia (Chicago) Cougars,Ben Parker,1,4,1073740000.00,1073740000.00,2,0,0,-,0,0,0,1,2,16777215,1,1,0,100%,100%,1,1,0,100%,0,0,0,-,2,0,2,0%,0,0,2,2019-01-30
Concordia (Chicago) Cougars,Israel Dosie,8,20,0.61,0.24,6.6,1.8,2.1,0.82,0.4,0.6,0.2,3.4,0.9,2.5,6.6,2.9,3.8,43.4%,48.1%,4.4,2.2,2.1,51.4%,2.2,0.6,1.6,27.8%,0.8,0.2,0.5,33.3%,0.1,0.9,1.1,2019-01-30
Concordia (Chicago) Cougars,Jamal Turner,18,9.9,1.13,0.25,4.2,0.8,0.7,1.25,0.5,0.3,0.1,0.9,0.1,0.8,3.8,1.2,2.6,31.9%,34.8%,3.1,1,2.1,32.7%,0.8,0.2,0.6,28.6%,2,1.6,0.4,77.8%,0.3,1.3,1.6,2019-01-30
Concordia (Chicago) Cougars,Hassan Basbous,18,17.9,0.77,0.30,4.9,1.1,1.8,0.61,0.7,0.9,0.1,3.8,1.3,2.5,4.5,1.9,2.6,42%,42.6%,3.9,1.8,2.1,47.1%,0.6,0.1,0.6,9.1%,1.6,1.1,0.5,69%,0.1,0.9,3.1,2019-01-30
Concordia (Chicago) Cougars,Landen Gladney,19,32.3,1.44,0.52,15.5,0.5,1.8,0.29,0.6,0.9,0.8,12,4.5,7.5,11.5,5.7,5.8,49.3%,49.5%,11.3,5.6,5.7,49.8%,0.2,0.1,0.2,25%,6.2,4.1,2.1,66.1%,0.5,4,3,2019-01-30
Concordia (Chicago) Cougars,Raymond Falk,14,8.7,0.21,0.16,0.9,0.3,0.1,2,0,0.1,0,0.9,0.1,0.8,1.2,0.3,0.9,23.5%,35.3%,0.2,0,0.2,0%,1,0.3,0.7,28.6%,0.1,0,0.1,0%,0,0.1,1.4,2019-01-30
Concordia (Chicago) Cougars,Jonathan Turner,6,3,1.11,0.33,1.7,0.2,0.2,1,0.2,0,0,0.5,0.2,0.3,2,0.5,1.5,25%,33.3%,1,0.2,0.8,16.7%,1,0.3,0.7,33.3%,0.3,0.3,0,100%,0,0.2,0.5,2019-01-30
Concordia (Chicago) Cougars,Izak Ruddell,9,4.1,0.75,0.57,0.7,0.1,0,-,0.3,0.1,0.2,1,0,1,0.7,0.3,0.3,50%,50%,0.3,0.3,0,100%,0.3,0,0.3,0%,0,0,0,-,0,0,1,2019-01-30
Concordia (Chicago) Cougars,Louis Fernando,2,3,0.68,0.17,1,0,0.5,0,0.5,0.5,0,0.5,0,0.5,0.5,0.5,0,100%,100%,0.5,0.5,0,100%,0,0,0,-,0,0,0,-,0,0,0,2019-01-30
Aurora University,Demetrius Pointer,12,12.5,1.20,0.51,5.7,1.8,0.8,2.20,0.8,0.3,0.2,1.7,0.5,1.2,5.2,2.3,2.8,45.2%,46%,4.7,2.2,2.4,48.2%,0.5,0.1,0.4,16.7%,1.5,0.9,0.6,61.1%,0.3,1.2,1.5,2019-01-30
Aurora University,Max Vickers,4,21.2,0.92,0.22,9,1.5,1.8,0.86,0,0.8,0,3.8,1.5,2.2,7.8,3,4.8,38.7%,46.8%,3.8,1.8,2,46.7%,4,1.2,2.8,31.2%,2.5,1.8,0.8,70%,0.5,2,3,2019-01-30
Aurora University,Matt Dunn,10,31.7,0.80,0.38,9.9,4.5,1.6,2.81,0.8,1.1,0,3.9,0.7,3.2,9.7,4,5.7,41.2%,45.4%,7.2,3.2,4,44.4%,2.5,0.8,1.7,32%,1.7,1.1,0.6,64.7%,0.5,1.8,1.2,2019-01-30
Aurora University,Terrell Wilson,1,5,0.82,0.20,2,0,0,-,0,0,0,1,0,1,1,1,0,100%,100%,1,1,0,100%,0,0,0,-,0,0,0,-,0,0,0,2019-01-30
Aurora University,Jarek Hotwagner,19,20.5,0.98,0.42,8.4,1.9,1.7,1.12,0.7,0.8,0,5.7,1,4.7,7.4,3.4,4.1,45.4%,52.1%,4,2.4,1.6,59.2%,3.4,1,2.4,29.2%,1,0.7,0.3,68.4%,0.1,0.6,1.6,2019-01-30
Aurora University,Ethan Conroy,12,5.7,0.42,0.37,0.3,0.4,0.1,5,0.3,0.1,0,0.6,0.2,0.4,0.4,0.2,0.2,40%,40%,0.2,0.2,0.1,66.7%,0.2,0,0.2,0%,0,0,0,-,0,0.1,0.6,2019-01-30
Aurora University,Brandon James,19,21.8,0.80,0.10,9.2,1.2,1.8,0.65,0.6,0.6,0,1.8,0.4,1.4,8.1,3.2,4.8,39.9%,46.7%,4.7,2.1,2.6,44.9%,3.4,1.1,2.3,32.8%,1.9,1.7,0.3,86.5%,0.2,1.3,2.1,2019-01-30
Aurora University,Myles Turner,3,3.7,1.42,0.55,1.7,0,0,-,0.3,0,0,0.7,0.7,0,2,0.3,1.7,16.7%,25%,1,0,1,0%,1,0.3,0.7,33.3%,0.7,0.7,0,100%,0,0.3,0.7,2019-01-30
Aurora University,Bailey Vance,18,31.4,1.16,0.41,13.4,2.3,1.3,1.71,1.1,0.7,0.7,5.9,1.6,4.3,8.2,4.9,3.3,59.9%,70.1%,4.8,3.2,1.6,66.7%,3.3,1.7,1.7,50%,2.7,2,0.7,73.5%,0.2,2,2.2,2019-01-30
Aurora University,Marquis Howard,7,5,0.33,0.31,0.4,0.4,0.1,3,0.3,0,0,0.3,0.1,0.1,0.9,0.1,0.7,16.7%,25%,0,0,0,-,0.9,0.1,0.7,16.7%,0,0,0,-,0,0,0.6,2019-01-30
Aurora University,Deante Walker,14,11.4,1.04,0.29,5.1,1.1,0.8,1.45,0.6,0.4,0,1.2,0.2,1,4.2,1.6,2.6,39%,47.5%,2.4,0.9,1.4,39.4%,1.9,0.7,1.1,38.5%,1.6,1.1,0.6,65.2%,0.1,1.1,1.5,2019-01-30
Aurora University,Ty Carlson,19,31.7,1.12,0.28,13.7,2.5,1.1,2.24,0.6,0.2,0.1,3.9,0.7,3.2,9.4,4,5.4,42.5%,53.9%,3.3,1.8,1.5,55.6%,6.1,2.2,3.9,35.3%,4.8,3.5,1.3,72.8%,0.2,2.9,2,2019-01-30
Aurora University,Garrett Hoffman,14,17.4,1.32,0.21,12.1,1,1.3,0.78,0.7,0.4,0.1,2.2,0.3,1.9,7.5,4.2,3.3,56.2%,73.8%,2.2,1.6,0.6,71%,5.3,2.6,2.6,50%,1.3,1.1,0.2,83.3%,0.1,1.1,2.6,2019-01-30
Aurora University,Justin Wierzgac,16,13.1,0.66,0.19,4.4,0.8,1,0.81,0.2,0.4,0.4,1.3,0.4,0.9,3.6,1.6,2.1,43.1%,53.4%,1.9,0.8,1.1,41.9%,1.7,0.8,0.9,44.4%,0.9,0.5,0.4,57.1%,0.1,0.8,1.8,2019-01-30
Aurora University,Jesse Young,16,16.4,1.61,0.64,8.2,1.1,0.8,1.31,1.1,0.5,0.8,4.2,2.1,2.1,5.4,3,2.4,55.2%,57.5%,5.1,2.8,2.4,53.7%,0.3,0.2,0.1,80%,3,2,1,66.7%,0.2,1.5,2.2,2019-01-30
Aurora University,Mike Finley,17,7.9,0.52,0.26,1.5,0.5,0.4,1.29,0.1,0.2,0.1,1,0.5,0.5,1.8,0.6,1.2,33.3%,35%,1.3,0.5,0.8,40.9%,0.5,0.1,0.4,12.5%,0.6,0.3,0.3,50%,0,0.5,1.2,2019-01-30
Aurora University,Kyle Ottens,3,5,1.36,0.33,2.3,0.3,0.7,0.50,0,0.3,0,1.7,0.7,1,1.3,0.7,0.7,50%,62.5%,0.7,0.3,0.3,50%,0.7,0.3,0.3,50%,0.7,0.7,0,100%,0,0.3,0.3,2019-01-30
Aurora University,Rashad Johnson,12,12.1,1.27,0.23,7.7,0.8,1.1,0.77,0.4,0.2,0,1.8,0.7,1.1,5.2,2.5,2.8,47.6%,63.5%,1.5,0.8,0.7,55.6%,3.8,1.7,2.1,44.4%,1.2,1,0.2,85.7%,0.2,0.8,2.3,2019-01-30
Aurora University,Bryce Pedrin,2,3,0.84,0.33,1.5,0.5,0.5,1,0.5,0,0,0,0,0,1.5,0.5,1,33.3%,50%,0,0,0,-,1.5,0.5,1,33.3%,0,0,0,-,0,0,0.5,2019-01-30
Aurora University,Ben Versluys,1,5,-.06,0.60,0,0,0,-,0,0,1,1,0,1,2,0,2,0%,0%,1,0,1,0%,1,0,1,0%,2,0,2,0%,0,1,0,2019-01-30
Dominican (IL) Stars,Derrick Chaney,11,6.2,0.70,0.15,2.3,0.3,0.6,0.43,0.1,0.5,0.1,0.8,0.5,0.4,2,1,1,50%,50%,2,1,1,50%,0,0,0,-,0.4,0.3,0.1,75%,0.2,0.3,0.3,2019-01-30
Dominican (IL) Stars,Sean Ek,16,17.8,0.91,0.26,5.4,2.4,1.6,1.46,0.6,1.1,0,1.8,0.2,1.6,4.2,1.5,2.8,35.3%,41.2%,2.6,1,1.6,38.1%,1.6,0.5,1.1,30.8%,2.4,1.9,0.5,79.5%,0.2,2.1,1.8,2019-01-30
Dominican (IL) Stars,Nick LaVere,4,15,0.50,0.35,2.2,1.8,0.5,3.50,0.5,0.5,0,1.8,0,1.8,3.5,0.8,2.8,21.4%,25%,2,0.5,1.5,25%,1.5,0.2,1.2,16.7%,1,0.5,0.5,50%,0,0.5,0,2019-01-30
Dominican (IL) Stars,Arrin Westbrook,19,13.3,0.66,0.18,4.9,1.1,1.2,0.95,0.4,0.5,0.4,0.8,0.2,0.6,4.7,1.9,2.8,41.1%,47.2%,2.8,1.4,1.4,49.1%,1.9,0.6,1.4,29.7%,0.6,0.4,0.2,72.7%,0.1,0.4,1,2019-01-30
Dominican (IL) Stars,Dennis Handy,19,27.7,0.77,0.26,9.4,2.2,2.4,0.93,1.1,1.4,0.8,2.7,1,1.7,8.1,3.2,4.9,39.6%,50%,3.5,1.5,2,43.3%,4.6,1.7,2.9,36.8%,1.7,1.3,0.4,78.1%,0.1,1.4,2,2019-01-30
Dominican (IL) Stars,Andrew Wojcik,7,9.1,0.43,0.09,1.6,0.9,1.3,0.67,0.6,0.7,0,0.4,0.1,0.3,1.4,0.4,1,30%,35%,1,0.3,0.7,28.6%,0.4,0.1,0.3,33.3%,0.9,0.6,0.3,66.7%,0,0.6,0.4,2019-01-30
Dominican (IL) Stars,Jackson Smith,19,24.3,0.95,0.42,9.5,2.6,1.1,2.33,0.7,0.4,0.3,3.8,1.4,2.4,9.5,3.5,6,36.7%,44.4%,4.6,2,2.6,43.7%,4.9,1.5,3.4,30.1%,1.4,1.1,0.3,80.8%,0.4,1.3,1.4,2019-01-30
Dominican (IL) Stars,Domenic Aiello,17,18.4,0.46,0.18,4.9,2.5,2.4,1.05,0.8,1,0.1,1.2,0.1,1.1,4.8,1.8,3,37.8%,50.6%,1.2,0.6,0.6,47.6%,3.6,1.2,2.4,34.4%,0.5,0.1,0.5,11.1%,0,0.5,2.2,2019-01-30
Dominican (IL) Stars,Christopher Burel,13,8.2,1.30,0.39,3.9,1,0.7,1.44,0.4,0.5,0.1,1.6,0.1,1.5,2.5,1.3,1.2,53.1%,62.5%,1.5,0.8,0.7,55%,0.9,0.5,0.5,50%,1.2,0.8,0.3,73.3%,0.2,1.2,1.2,2019-01-30
Dominican (IL) Stars,Antonio Amoah,9,15.9,1.26,0.36,8.8,1.2,1.4,0.85,0.9,1.2,0.3,3.4,0.3,3.1,6.1,3.4,2.7,56.4%,62.7%,4.3,2.7,1.7,61.5%,1.8,0.8,1,43.8%,1.7,1.1,0.6,66.7%,0.1,1.2,1.2,2019-01-30
Dominican (IL) Stars,Derek Steck,19,11.8,0.64,0.32,3,0.6,1.1,0.55,0.4,0.4,0.2,2.6,1,1.6,3.3,1.3,2.1,38.1%,39.7%,2.2,1.2,1.1,52.4%,1.1,0.1,1,9.5%,0.6,0.4,0.3,58.3%,0.1,0.7,1.7,2019-01-30
Dominican (IL) Stars,Isaac Moore,16,21.8,1.07,0.25,11.4,1.1,1.2,0.85,0.6,0.5,0.4,3.2,0.5,2.8,7.9,4,3.9,50.8%,64.7%,3.2,1.8,1.4,55.8%,4.6,2.2,2.4,47.3%,1.7,1.2,0.4,74.1%,0.2,1.2,2.6,2019-01-30
Dominican (IL) Stars,Marcus Watson,17,12.6,0.49,0.19,3.2,0.4,0.9,0.40,0.3,0.3,0,2.2,0.7,1.5,3.7,1.4,2.4,36.5%,38.9%,2.3,1.2,1.1,51.3%,1.4,0.2,1.2,12.5%,0.8,0.4,0.5,42.9%,0.1,0.9,1.5,2019-01-30
Dominican (IL) Stars,Connor Chynoweth,8,4,0.48,-.09,1.5,0.2,0.5,0.50,0,0.2,0,0.1,0,0.1,1.5,0.5,1,33.3%,41.7%,0.5,0.2,0.2,50%,1,0.2,0.8,25%,0.2,0.2,0,100%,0,0,0.2,2019-01-30
Dominican (IL) Stars,Taj Adams,8,8.8,0.57,0.27,2.5,0.6,1,0.62,0.9,0.6,0,1,0.4,0.6,3.2,0.9,2.4,26.9%,32.7%,1.1,0.5,0.6,44.4%,2.1,0.4,1.8,17.6%,1,0.4,0.6,37.5%,0.1,0.9,0.8,2019-01-30
Dominican (IL) Stars,Kyle Burks,12,6.7,0.15,0.03,0.8,0.4,0.9,0.45,0.1,0.4,0,1,0,1,1.6,0.2,1.3,15.8%,18.4%,0.8,0.2,0.7,20%,0.8,0.1,0.7,11.1%,0.3,0.2,0.1,75%,0,0.2,0.2,2019-01-30
Dominican (IL) Stars,Connor Dartt,16,18.9,0.95,0.30,6.7,0.6,1.4,0.43,0.5,1.1,0.3,4.4,1.2,3.2,5.2,2.5,2.7,48.2%,48.8%,4.7,2.4,2.2,52%,0.5,0.1,0.4,12.5%,2.5,1.6,0.9,65%,0.4,2.1,2.5,2019-01-30
Dominican (IL) Stars,Braquan Echols,16,14.4,0.65,0.30,4.4,0.3,0.9,0.33,0.3,0.4,0.1,3.9,1,2.9,5.2,1.9,3.3,36.1%,39.2%,3.8,1.6,2.2,41%,1.4,0.3,1.1,22.7%,0.6,0.4,0.2,60%,0,0.8,2.2,2019-01-30
Dominican (IL) Stars,Will Mccoy,1,3,0.67,0.67,0,0,0,-,0,0,0,2,0,2,0,0,0,-,-,0,0,0,-,0,0,0,-,0,0,0,-,0,1,1,2019-01-30
Dominican (IL) Stars,Thomas Peachey,5,7,1.04,0.57,1,0.2,0,-,0,0.2,1,1.4,0.2,1.2,1,0,1,0%,0%,1,0,1,0%,0,0,0,-,1.6,1,0.6,62.5%,0,0.8,1.2,2019-01-30
Marian University (WI) Sabres,Will Polczynski,18,15.8,0.76,0.30,4.9,0.5,0.8,0.60,0.3,0.4,0.5,3,0.8,2.2,3.9,2.2,1.7,56.3%,56.3%,3.9,2.2,1.7,57.1%,0.1,0,0.1,0%,0.6,0.4,0.2,72.7%,0.2,0.6,1.4,2019-01-30
Marian University (WI) Sabres,Julian Lynch,8,9.2,0.65,0.09,3.6,0.2,0.2,1,0.2,0.1,0,0.4,0,0.4,2.8,1.1,1.6,40.9%,61.4%,0,0,0,-,2.8,1.1,1.6,40.9%,0.2,0.2,0,100%,0,0.1,0.9,2019-01-30
Marian University (WI) Sabres,Tyrese Pinson,18,34,0.88,0.48,10.3,4.3,1.5,2.85,2.4,1.3,0.1,4.4,1.3,3.2,9.3,4.1,5.2,43.7%,51.2%,5.9,2.7,3.2,45.3%,3.4,1.4,2,41%,0.9,0.8,0.1,87.5%,0.2,1.5,2.1,2019-01-30
Marian University (WI) Sabres,Duke Vander,1,2,1,1,0,1,0,-,0,0,0,0,0,0,0,0,0,-,-,0,0,0,-,0,0,0,-,0,0,0,-,0,0,0,2019-01-30
Marian University (WI) Sabres,Will Olewinski,14,11.7,0.47,0.19,3.3,0.5,0.4,1.40,0.4,0.1,0.1,0.9,0.1,0.8,3.4,1.1,2.3,33.3%,47.9%,0.1,0.1,0,100%,3.3,1,2.3,30.4%,0,0,0,-,0,0,0.8,2019-01-30
Marian University (WI) Sabres,Tavaris Mccullough,18,28.7,0.71,0.17,11.3,2.7,3.6,0.74,1.7,1.9,0.1,2.9,0.4,2.6,11.1,4.4,6.7,40%,43.8%,8.1,3.6,4.4,44.8%,3.1,0.8,2.2,27.3%,2.9,1.6,1.3,53.8%,0.5,2.6,2.2,2019-01-30
Marian University (WI) Sabres,Caleb Martin,18,14.1,0.53,0.23,3.2,0.4,0.7,0.54,0.6,0.3,0.3,1.7,0.3,1.4,3.4,0.9,2.5,27.4%,39.5%,0.6,0.1,0.5,18.2%,2.8,0.8,2,29.4%,0.4,0.4,0,100%,0,0.3,1.4,2019-01-30
Marian University (WI) Sabres,Hunter Schultz,11,10.3,0.78,0.15,3.1,0.3,0.8,0.33,0.3,0.7,0.1,1.4,0.5,0.8,1.8,0.8,1,45%,62.5%,0.5,0.2,0.3,40%,1.4,0.6,0.7,46.7%,0.9,0.8,0.1,90%,0,0.5,0.7,2019-01-30
Marian University (WI) Sabres,Dylan Gmeiner,4,8,0.85,0.28,3.5,0.2,0.2,1,0.5,0.2,0,0.8,0.5,0.2,3,1.2,1.8,41.7%,54.2%,0.8,0.5,0.2,66.7%,2.2,0.8,1.5,33.3%,0.5,0.2,0.2,50%,0,0,0.2,2019-01-30
Marian University (WI) Sabres,Matt Shaw,16,9,0.49,0.20,2.8,0.2,0.3,0.80,0.4,0.1,0.1,1.1,0,1.1,2.9,0.9,2,31.9%,46.8%,0.2,0.1,0.1,33.3%,2.8,0.9,1.9,31.8%,0.1,0,0.1,0%,0,0.1,0.6,2019-01-30
Marian University (WI) Sabres,Logan Hamilton,7,33.7,0.90,0.24,13.3,2.1,3.1,0.68,0.7,1.1,0.6,6.3,1.1,5.1,12.7,4.6,8.1,36%,39.3%,9,3.7,5.3,41.3%,3.7,0.9,2.9,23.1%,4.9,3.3,1.6,67.6%,0.1,3.7,2.9,2019-01-30
Marian University (WI) Sabres,Marcus Kadinger,7,8.4,0.59,0.20,2.4,0.4,0.6,0.75,0.3,0.4,0.1,1,0.1,0.9,2,1,1,50%,57.1%,1,0.7,0.3,71.4%,1,0.3,0.7,28.6%,0.3,0.1,0.1,50%,0,0.3,0.6,2019-01-30
Marian University (WI) Sabres,Aidan Kirchner,5,1.6,-.35,-.25,0,0,0.2,0,0,0,0,0,0,0,0.2,0,0.2,0%,0%,0,0,0,-,0.2,0,0.2,0%,0,0,0,-,0,0,0,2019-01-30
Marian University (WI) Sabres,Kelvin Jones,18,22.2,0.80,0.29,6.8,1.7,1.2,1.41,0.7,0.8,0.1,3.1,0.8,2.3,6.2,2.3,3.8,37.8%,43.7%,3.6,1.6,1.9,45.3%,2.6,0.7,1.9,27.7%,1.8,1.4,0.4,75.8%,0.2,1.7,2.9,2019-01-30
Marian University (WI) Sabres,Scott Paulus,13,11.4,0.62,0.38,2.2,0.2,0.8,0.20,0.5,0.5,0.5,2.8,0.8,2,2.7,0.8,1.9,28.6%,32.9%,1.2,0.5,0.6,46.7%,1.5,0.2,1.3,15%,0.6,0.4,0.2,62.5%,0,0.5,1.8,2019-01-30
Marian University (WI) Sabres,Tristan Van,18,17.7,1.05,0.27,9.4,0.4,1.9,0.21,0.2,1,0.8,4.2,1.7,2.5,8,4,4,50%,52.1%,7.1,3.7,3.4,51.6%,0.9,0.3,0.6,37.5%,1.6,1.1,0.6,65.5%,0.3,1.6,2.6,2019-01-30
Marian University (WI) Sabres,Trentin Fouse,11,19.9,0.60,0.15,5.4,0.7,1.2,0.62,0.5,0.8,0.2,2,0.4,1.6,3.9,1.8,2.1,46.5%,57%,1.5,1,0.5,68.8%,2.5,0.8,1.6,33.3%,1.3,0.9,0.4,71.4%,0.1,1.5,1.9,2019-01-30
Marian University (WI) Sabres,Chris Langteau,3,1.7,0,0,0,0,0.3,0,0,0.3,0,0.7,0,0.7,0,0,0,-,-,0,0,0,-,0,0,0,-,0,0,0,-,0,0,0,2019-01-30
Marian University (WI) Sabres,Drew Blomberg,5,1.4,0.77,1,0,0.6,0,-,0,0,0,0.2,0,0.2,0.4,0,0.4,0%,0%,0,0,0,-,0.4,0,0.4,0%,0,0,0,-,0,0,0,2019-01-30
Marian University (WI) Sabres,Dalton Cairns,5,3.2,2.07,0.63,2.2,0,0.2,0,0,0,0,2,0.4,1.6,1,0.8,0.2,80%,80%,1,0.8,0.2,80%,0,0,0,-,1.2,0.6,0.6,50%,0,0.8,0,2019-01-30
Marian University (WI) Sabres,Myles Cochran,14,8.3,0.61,0.44,1.3,0.4,0.4,1,0.4,0.2,0.4,1.4,0.5,0.9,1.4,0.6,0.9,40%,40%,1.4,0.6,0.9,40%,0,0,0,-,0.5,0.1,0.4,28.6%,0,0.5,1.4,2019-01-30
