ast,block,defreb,fga,fg_made,fg_miss,fta,ft_made,ft_miss,foul,started,game_id,lineup_id,lineup_players,lineup_score,min,offreb,oppo_ast,oppo_block,oppo_defreb,oppo_fga,oppo_fg_made,oppo_fg_miss,oppo_fta,oppo_ft_made,oppo_ft_miss,oppo_foul,oppo_offreb,oppo_score,oppo_stl,oppo_three_fga,oppo_three_fg_made,oppo_three_fg_miss,oppo_ttlreb,oppo_turnover,oppo_two_fga,oppo_two_fg_made,oppo_two_fg_miss,plusminus,stl,three_fga,three_fg_made,three_fg_miss,ended,ttlreb,turnover,two_fga,two_fg_made,two_fg_miss,session_number,team_id
4,0,2,9,7,2,0,0,0,1,20,6,1,"Ahmad Muhammad,Anthony Mosley,Jake Digiorgio,Max Hisatake,Parker Joncus",16,5.01666666666667,0,2,0,2,5,3,2,1,1,0,1,0,8,0,2,1,1,2,4,3,2,1,8,4,3,2,1,14.9833333333333,2,0,6,5,1,1,12
0,0,1,1,0,1,2,1,1,0,14.9833333333333,6,2,"Anthony Mosley,Jake Digiorgio,Otis Reale,Parker Joncus,Ricardo Whitehead",1,1.31666666666667,0,1,0,1,3,1,2,0,0,0,1,1,3,1,3,1,2,2,0,0,0,0,-2,0,0,0,0,13.6666666666667,1,1,1,0,1,1,12
0,1,1,1,0,1,0,0,0,0,13.6666666666667,6,3,"Anthony Mosley,Capriest Gardner,Max Hisatake,Milos Dugalic,Otis Reale",0,1.51666666666667,0,2,0,1,3,2,1,0,0,0,0,0,5,1,1,1,0,1,0,2,1,1,-5,0,1,0,1,12.15,1,1,0,0,0,1,12
0,0,0,1,1,0,0,0,0,0,12.15,6,4,"Ahmad Muhammad,Calvin Schmitz,Max Hisatake,Milos Dugalic,Otis Reale",2,1.4,0,1,0,0,2,1,1,0,0,0,0,0,3,0,2,1,1,0,0,0,0,0,-1,0,0,0,0,10.75,0,1,1,1,0,1,12
1,0,1,2,2,0,0,0,0,1,10.75,6,5,"Ahmad Muhammad,Anthony Mosley,Calvin Schmitz,Max Hisatake,Milos Dugalic",4,1.3,0,0,0,1,1,0,1,2,1,1,2,0,1,1,1,0,1,1,2,0,0,0,3,0,0,0,0,9.45,1,1,2,2,0,1,12
0,0,0,2,1,1,0,0,0,0,9.45,6,6,"Ahmad Muhammad,Anthony Mosley,Calvin Schmitz,Max Hisatake,Parker Joncus",2,1.2,0,2,0,0,2,2,0,0,0,0,0,0,4,1,0,0,0,0,0,2,2,0,-2,0,1,0,1,8.25,0,1,1,1,0,1,12
1,0,2,2,1,1,0,0,0,1,8.25,6,7,"Ahmad Muhammad,Anthony Mosley,Cody Mattson,Jake Digiorgio,Max Hisatake",2,2.33333333333333,0,0,0,1,8,2,6,2,0,2,0,5,4,1,3,0,3,6,0,5,2,3,-2,0,1,0,1,5.91666666666667,2,1,1,1,0,1,12
0,0,0,2,1,1,0,0,0,0,5.91666666666667,6,8,"Anthony Mosley,Jake Digiorgio,Max Hisatake,Milos Dugalic,Zach Parduhn",2,1.26666666666667,0,0,0,1,3,3,0,0,0,0,0,0,6,1,0,0,0,1,0,3,3,0,-4,0,0,0,0,4.65,0,1,2,1,1,1,12
0,1,1,1,0,1,0,0,0,3,4.65,6,9,"Ahmad Muhammad,Jake Digiorgio,Max Hisatake,Milos Dugalic,Zach Parduhn",0,1.21666666666667,0,1,0,1,2,1,1,0,0,0,0,0,2,1,0,0,0,1,0,2,1,1,-2,0,0,0,0,3.43333333333333,1,2,1,0,1,1,12
0,0,2,1,0,1,0,0,0,1,3.43333333333333,6,10,"Ahmad Muhammad,Anthony Mosley,Jake Digiorgio,Max Hisatake,Milos Dugalic",0,1.5,0,0,0,1,2,0,2,2,2,0,1,0,2,2,1,0,1,1,0,1,0,1,-2,0,1,0,1,1.93333333333333,2,2,0,0,0,1,12
0,1,2,5,0,5,0,0,0,0,1.93333333333333,6,11,"Ahmad Muhammad,Anthony Mosley,Jake Digiorgio,Max Hisatake,Parker Joncus",0,1.93333333333333,2,0,1,2,3,1,2,0,0,0,1,0,2,1,0,0,0,2,1,3,1,2,0,0,2,0,2,0,4,1,3,0,3,1,12
3,0,4,9,6,3,0,0,0,1,20,6,12,"Ahmad Muhammad,Anthony Mosley,Jake Digiorgio,Max Hisatake,Parker Joncus",13,4.85,0,2,1,2,7,2,5,0,0,0,1,1,4,0,1,0,1,3,2,6,2,4,9,1,3,1,2,15.15,4,0,6,5,1,2,12
0,0,1,3,3,0,0,0,0,1,15.15,6,13,"Anthony Mosley,Capriest Gardner,Max Hisatake,Otis Reale,Parker Joncus",6,3.03333333333333,0,0,0,0,3,2,1,0,0,0,0,0,5,2,2,1,1,0,1,1,1,0,1,0,0,0,0,12.1166666666667,1,2,3,3,0,2,12
1,0,1,3,2,1,0,0,0,0,12.1166666666667,6,14,"Anthony Mosley,Capriest Gardner,Jake Digiorgio,Otis Reale,Parker Joncus",5,1.83333333333333,0,0,0,0,2,0,2,0,0,0,1,0,0,0,0,0,0,0,2,2,0,2,5,0,2,1,1,10.2833333333333,1,0,1,1,0,2,12
0,1,2,3,2,1,0,0,0,1,10.2833333333333,6,15,"Anthony Mosley,Jake Digiorgio,Max Hisatake,Otis Reale,Parker Joncus",4,1.38333333333333,0,0,0,1,2,0,2,2,1,1,0,0,1,0,1,0,1,1,0,1,0,1,3,0,0,0,0,8.9,2,0,3,2,1,2,12
3,1,9,9,4,5,12,6,6,3,8.9,6,16,"Ahmad Muhammad,Anthony Mosley,Jake Digiorgio,Max Hisatake,Parker Joncus",14,8.9,1,2,1,7,15,4,11,3,2,1,11,2,11,1,8,1,7,9,2,7,3,4,0,2,2,0,2,0,10,2,7,4,3,2,12
0,0,4,6,1,5,1,1,0,0,20,1,1,"Ahmad Muhammad,Anthony Mosley,Jake Digiorgio,Max Hisatake,Milos Dugalic",3,3.85,0,2,1,5,7,3,4,0,0,0,1,0,6,2,2,0,2,5,1,5,3,2,-3,1,1,0,1,16.15,4,2,5,1,4,1,12
0,0,2,4,2,2,1,0,1,0,16.15,1,2,"Ahmad Muhammad,Anthony Mosley,Jake Digiorgio,Max Hisatake,Parker Joncus",4,1.9,1,1,1,1,6,2,4,0,0,0,1,2,5,0,5,1,4,3,0,1,1,0,-1,0,0,0,0,14.25,3,1,4,2,2,1,12
0,0,0,0,0,0,0,0,0,1,14.25,1,3,"Ahmad Muhammad,Jake Bruns,Jake Digiorgio,Parker Joncus,Ricardo Whitehead",0,1.28333333333333,0,1,0,0,2,1,1,0,0,0,1,0,2,0,1,0,1,0,0,1,1,0,-2,0,0,0,0,12.9666666666667,0,2,0,0,0,1,12
0,0,2,2,1,1,0,0,0,0,12.9666666666667,1,4,"Anthony Mosley,Capriest Gardner,Jake Bruns,Max Hisatake,Parker Joncus",3,1.76666666666667,0,1,0,1,3,1,2,0,0,0,1,0,3,1,2,1,1,1,1,1,0,1,0,0,1,1,0,11.2,2,1,1,0,1,1,12
0,1,1,2,0,2,0,0,0,0,11.2,1,5,"Anthony Mosley,Capriest Gardner,Jake Bruns,Jake Digiorgio,Parker Joncus",0,0.866666666666665,0,0,0,2,2,0,2,0,0,0,0,0,0,0,0,0,0,2,1,2,0,2,0,0,1,0,1,10.3333333333333,1,0,1,0,1,1,12
0,0,2,3,1,2,0,0,0,1,10.3333333333333,1,6,"Ahmad Muhammad,Anthony Mosley,Calvin Schmitz,Jake Bruns,Jake Digiorgio",2,1.83333333333333,0,0,0,2,3,0,3,2,2,0,0,1,2,0,2,0,2,3,0,1,0,1,0,0,0,0,0,8.5,2,0,3,1,2,1,12
1,0,1,6,3,3,1,0,1,1,8.5,1,7,"Ahmad Muhammad,Anthony Mosley,Calvin Schmitz,Jake Digiorgio,Max Hisatake",6,4.25,2,0,0,2,4,2,2,0,0,0,3,1,4,1,1,0,1,3,2,3,2,1,2,1,0,0,0,4.25,3,1,6,3,3,1,12
0,0,1,2,1,1,0,0,0,1,4.25,1,8,"Ahmad Muhammad,Jake Bruns,Jake Digiorgio,Max Hisatake,Parker Joncus",2,1.38333333333333,1,0,0,0,3,1,2,0,0,0,0,0,2,0,0,0,0,0,1,3,1,2,0,0,0,0,0,2.86666666666667,2,2,2,1,1,1,12
0,0,0,0,0,0,0,0,0,1,2.86666666666667,1,9,"Ahmad Muhammad,Jake Bruns,Jake Digiorgio,Kohl Linder,Parker Joncus",0,0.25,0,0,0,0,0,0,0,0,0,0,0,0,0,0,0,0,0,0,0,0,0,0,0,0,0,0,0,2.61666666666667,0,0,0,0,0,1,12
1,1,2,4,2,2,0,0,0,0,2.61666666666667,1,10,"Ahmad Muhammad,Anthony Mosley,Jake Digiorgio,Kohl Linder,Parker Joncus",4,2.61666666666667,0,1,1,2,5,1,4,0,0,0,0,1,3,0,2,1,1,3,1,3,0,3,0,1,0,0,0,0,2,0,4,2,2,1,12
1,0,2,7,3,4,2,2,0,1,20,1,11,"Ahmad Muhammad,Anthony Mosley,Jake Digiorgio,Max Hisatake,Milos Dugalic",9,3.85,3,1,0,1,3,1,2,2,1,1,1,0,3,0,1,0,1,1,2,2,1,1,6,1,1,1,0,16.15,5,1,6,2,4,2,12
0,0,0,1,0,1,0,0,0,0,16.15,1,12,"Anthony Mosley,Jake Bruns,Jake Digiorgio,Max Hisatake,Milos Dugalic",0,0.866666666666665,1,1,0,0,1,1,0,0,0,0,1,0,2,1,0,0,0,0,0,1,1,0,-2,0,1,0,1,15.2833333333333,1,1,0,0,0,2,12
2,0,2,5,2,3,0,0,0,0,15.2833333333333,1,13,"Anthony Mosley,Jake Bruns,Jake Digiorgio,Max Hisatake,Parker Joncus",5,2.4,1,0,0,2,3,1,2,0,0,0,0,0,2,1,1,0,1,2,1,2,1,1,3,0,2,1,1,12.8833333333333,3,1,3,1,2,2,12
1,0,1,4,1,3,0,0,0,1,12.8833333333333,1,14,"Anthony Mosley,Jake Bruns,Jake Digiorgio,Kohl Linder,Parker Joncus",3,1.45,2,0,1,1,1,0,1,2,2,0,1,0,2,0,1,0,1,1,1,0,0,0,1,1,3,1,2,11.4333333333333,3,0,1,0,1,2,12
0,0,0,2,0,2,0,0,0,1,11.4333333333333,1,15,"Anthony Mosley,Jake Bruns,Kohl Linder,Max Hisatake,Parker Joncus",0,0.966666666666667,0,0,0,2,0,0,0,2,2,0,0,0,2,0,0,0,0,2,1,0,0,0,-2,0,2,0,2,10.4666666666667,0,0,0,0,0,2,12
0,0,1,1,0,1,0,0,0,0,10.4666666666667,1,16,"Ahmad Muhammad,Anthony Mosley,Max Hisatake,Parker Joncus,Ricardo Whitehead",0,0.5,0,0,0,1,1,0,1,0,0,0,1,0,0,0,0,0,0,1,0,1,0,1,0,0,0,0,0,9.96666666666667,1,0,1,0,1,2,12
0,0,1,2,0,2,0,0,0,0,9.96666666666667,1,17,"Ahmad Muhammad,Anthony Mosley,Calvin Schmitz,Max Hisatake,Ricardo Whitehead",0,0.983333333333334,1,0,1,0,1,0,1,0,0,0,0,0,0,1,0,0,0,0,1,1,0,1,0,0,1,0,1,8.98333333333333,2,1,1,0,1,2,12
1,0,2,2,1,1,0,0,0,2,8.98333333333333,1,18,"Ahmad Muhammad,Anthony Mosley,Calvin Schmitz,Jake Digiorgio,Max Hisatake",3,1.78333333333333,1,0,0,0,3,0,3,0,0,0,1,1,0,1,2,0,2,1,1,1,0,1,3,1,1,1,0,7.2,3,3,1,0,1,2,12
0,0,0,1,0,1,0,0,0,3,7.2,1,19,"Ahmad Muhammad,Calvin Schmitz,Jake Bruns,Jake Digiorgio,Max Hisatake",0,0.8,0,0,0,1,0,0,0,4,3,1,0,0,3,0,0,0,0,1,0,0,0,0,-3,0,0,0,0,6.4,0,0,1,0,1,2,12
0,0,4,11,2,9,2,2,0,4,6.4,1,20,"Anthony Mosley,Calvin Schmitz,Jake Bruns,Jake Digiorgio,Max Hisatake",7,6.4,4,2,0,4,7,2,5,8,6,2,2,1,11,0,2,1,1,5,0,5,1,4,0,0,3,1,2,0,8,2,8,1,7,2,12
1,1,1,3,1,2,0,0,0,0,20,4,1,"Ahmad Muhammad,Anthony Mosley,Jake Digiorgio,Milos Dugalic,Parker Joncus",3,2.43333333333333,0,1,0,2,5,2,3,0,0,0,1,1,4,0,0,0,0,3,0,5,2,3,-1,0,2,1,1,17.5666666666667,1,0,1,0,1,1,12
1,1,3,6,2,4,0,0,0,1,17.5666666666667,4,2,"Anthony Mosley,Jake Bruns,Jake Digiorgio,Max Hisatake,Parker Joncus",4,3.4,1,0,0,1,5,2,3,0,0,0,2,0,4,2,1,0,1,1,1,4,2,2,0,0,0,0,0,14.1666666666667,4,2,6,2,4,1,12
1,0,1,2,2,0,0,0,0,1,14.1666666666667,4,3,"Anthony Mosley,Calvin Schmitz,Jake Bruns,Jake Digiorgio,Max Hisatake",5,0.783333333333333,0,0,0,0,1,0,1,2,2,0,0,0,2,0,0,0,0,0,0,1,0,1,3,0,1,1,0,13.3833333333333,1,0,1,1,0,1,12
2,1,1,5,3,2,0,0,0,1,13.3833333333333,4,4,"Ahmad Muhammad,Calvin Schmitz,Jake Bruns,Jake Digiorgio,Max Hisatake",7,2.03333333333333,0,0,0,2,3,1,2,0,0,0,1,1,2,0,1,0,1,3,2,2,1,1,5,2,1,1,0,11.35,1,0,4,2,2,1,12
0,0,0,1,0,1,2,0,2,1,11.35,4,5,"Anthony Mosley,Calvin Schmitz,Jake Digiorgio,Max Hisatake,Zach Parduhn",0,1.98333333333333,1,1,0,1,2,2,0,0,0,0,1,0,4,0,0,0,0,1,0,2,2,0,-4,0,1,0,1,9.36666666666667,1,1,0,0,0,1,12
0,0,0,1,0,1,0,0,0,0,9.36666666666667,4,6,"Ahmad Muhammad,Anthony Mosley,Cody Mattson,Jake Digiorgio,Max Hisatake",0,0.966666666666667,0,0,0,1,0,0,0,0,0,0,0,0,0,0,0,0,0,1,2,0,0,0,0,1,0,0,0,8.4,0,0,1,0,1,1,12
0,0,0,4,0,4,0,0,0,1,8.4,4,7,"Ahmad Muhammad,Anthony Mosley,Cody Mattson,Max Hisatake,Ricardo Whitehead",0,2.13333333333333,1,1,0,3,2,2,0,0,0,0,0,0,5,0,1,1,0,3,1,1,1,0,-5,1,1,0,1,6.26666666666667,1,1,3,0,3,1,12
0,0,1,1,0,1,0,0,0,0,6.26666666666667,4,8,"Anthony Mosley,Jake Bruns,Jake Digiorgio,Parker Joncus,Ricardo Whitehead",0,0.183333333333334,0,0,1,0,1,0,1,0,0,0,0,0,0,0,0,0,0,0,0,1,0,1,0,0,0,0,0,6.08333333333333,1,0,1,0,1,1,12
3,0,0,7,5,2,1,0,1,1,6.08333333333333,4,9,"Anthony Mosley,Jake Bruns,Jake Digiorgio,Milos Dugalic,Parker Joncus",11,6.03333333333333,0,5,0,3,9,6,3,0,0,0,2,2,13,1,1,1,0,5,3,8,5,3,-2,2,3,1,2,0.05,0,1,4,4,0,1,12
0,0,0,1,0,1,0,0,0,0,0.05,4,10,"Anthony Mosley,Capriest Gardner,Jake Bruns,Jake Digiorgio,Parker Joncus",0,0.05,0,0,0,0,0,0,0,0,0,0,0,0,0,0,0,0,0,0,0,0,0,0,0,0,1,0,1,0,0,0,0,0,0,1,12
0,1,2,2,0,2,2,1,1,1,20,4,11,"Ahmad Muhammad,Anthony Mosley,Jake Digiorgio,Milos Dugalic,Parker Joncus",1,1.76666666666667,0,1,1,3,4,1,3,0,0,0,1,1,2,0,0,0,0,4,0,4,1,3,-1,0,0,0,0,18.2333333333333,2,0,2,0,2,2,12
2,0,1,7,3,4,0,0,0,1,18.2333333333333,4,12,"Anthony Mosley,Jake Bruns,Jake Digiorgio,Max Hisatake,Parker Joncus",7,4.68333333333333,2,0,0,0,3,2,1,2,1,1,4,0,5,0,0,0,0,0,3,3,2,1,2,2,3,1,2,13.55,3,2,4,2,2,2,12
0,0,0,2,0,2,0,0,0,1,13.55,4,13,"Ahmad Muhammad,Anthony Mosley,Calvin Schmitz,Kohl Linder,Max Hisatake",0,1.15,2,0,0,0,2,0,2,2,1,1,1,2,1,0,2,0,2,2,0,0,0,0,-1,0,2,0,2,12.4,2,0,0,0,0,2,12
0,0,0,1,0,1,0,0,0,1,12.4,4,14,"Anthony Mosley,Calvin Schmitz,Jake Bruns,Kohl Linder,Max Hisatake",0,0.333333333333334,0,0,0,1,0,0,0,0,0,0,0,0,0,0,0,0,0,1,0,0,0,0,0,0,1,0,1,12.0666666666667,0,0,0,0,0,2,12
0,0,0,0,0,0,0,0,0,1,12.0666666666667,4,15,"Anthony Mosley,Calvin Schmitz,Jake Bruns,Jake Digiorgio,Kohl Linder",0,0.15,0,0,0,0,0,0,0,2,2,0,0,0,2,0,0,0,0,0,0,0,0,0,-2,0,0,0,0,11.9166666666667,0,0,0,0,0,2,12
0,0,1,0,0,0,2,1,1,0,11.9166666666667,4,16,"Brett Ott,Calvin Schmitz,Jake Bruns,Jake Digiorgio,Kohl Linder",1,0.899999999999999,0,0,0,0,1,0,1,0,0,0,1,0,0,0,0,0,0,0,0,1,0,1,1,0,0,0,0,11.0166666666667,1,1,0,0,0,2,12
0,0,1,2,1,1,0,0,0,0,11.0166666666667,4,17,"Anthony Mosley,Calvin Schmitz,Jake Bruns,Jake Digiorgio,Kohl Linder",2,1.6,0,1,0,1,3,2,1,0,0,0,0,0,4,0,1,0,1,1,0,2,2,0,-2,0,0,0,0,9.41666666666667,1,0,2,1,1,2,12
1,0,2,9,2,7,6,3,3,1,9.41666666666667,4,18,"Anthony Mosley,Jake Bruns,Jake Digiorgio,Max Hisatake,Parker Joncus",8,4.75,2,3,3,3,6,3,3,2,2,0,3,1,8,0,0,0,0,4,1,6,3,3,0,1,2,1,1,4.66666666666667,4,0,7,1,6,2,12
0,0,4,2,0,2,2,1,1,1,4.66666666666667,4,19,"Ahmad Muhammad,Anthony Mosley,Jake Digiorgio,Max Hisatake,Parker Joncus",1,2.46666666666667,1,0,0,2,4,0,4,0,0,0,1,0,0,0,1,0,1,2,0,3,0,3,1,0,0,0,0,2.2,5,3,2,0,2,2,12
0,0,0,1,0,1,2,1,1,0,2.2,4,20,"Anthony Mosley,Jake Bruns,Jake Digiorgio,Max Hisatake,Parker Joncus",1,1.03333333333333,0,1,0,1,2,1,1,0,0,0,1,1,2,0,0,0,0,2,1,2,1,1,-1,1,0,0,0,1.16666666666667,0,0,1,0,1,2,12
0,0,3,3,1,2,2,2,0,2,1.16666666666667,4,21,"Ahmad Muhammad,Jake Bruns,Jake Digiorgio,Max Hisatake,Parker Joncus",4,1.16666666666667,0,0,1,2,1,0,1,8,5,3,1,0,5,0,0,0,0,2,0,1,0,1,0,0,1,0,1,0,3,0,2,1,1,2,12
1,1,7,11,6,5,2,1,1,0,20,3,1,"Ahmad Muhammad,Anthony Mosley,Jake Digiorgio,Milos Dugalic,Parker Joncus",13,4.85,3,0,0,2,7,0,7,0,0,0,1,0,0,0,4,0,4,2,2,3,0,3,13,1,2,0,2,15.15,10,1,9,6,3,1,12
0,0,0,1,0,1,0,0,0,1,15.15,3,2,"Calvin Schmitz,Cody Mattson,Jake Bruns,Jake Digiorgio,Zach Parduhn",0,1.5,1,1,0,0,1,1,0,2,1,1,1,0,4,1,1,1,0,0,0,0,0,0,-4,0,0,0,0,13.65,1,1,1,0,1,1,12
0,0,0,1,1,0,0,0,0,0,13.65,3,3,"Calvin Schmitz,Cody Mattson,Jake Bruns,Ricardo Whitehead,Zach Parduhn",2,0.966666666666667,0,1,0,0,1,1,0,0,0,0,0,0,3,1,1,1,0,0,1,0,0,0,-1,1,0,0,0,12.6833333333333,0,1,1,1,0,1,12
0,0,1,1,1,0,0,0,0,0,12.6833333333333,3,4,"Anthony Mosley,Calvin Schmitz,Cody Mattson,Jake Bruns,Ricardo Whitehead",2,0.85,0,1,0,0,2,1,1,0,0,0,1,0,2,1,0,0,0,0,0,2,1,1,0,0,0,0,0,11.8333333333333,1,1,1,1,0,1,12
0,0,0,1,0,1,0,0,0,0,11.8333333333333,3,5,"Ahmad Muhammad,Anthony Mosley,Calvin Schmitz,Cody Mattson,Jake Digiorgio",0,1.11666666666667,0,0,0,1,1,1,0,0,0,0,0,0,2,0,0,0,0,1,0,1,1,0,-2,0,0,0,0,10.7166666666667,0,1,1,0,1,1,12
2,0,2,7,4,3,0,0,0,0,10.7166666666667,3,6,"Ahmad Muhammad,Anthony Mosley,Jake Digiorgio,Milos Dugalic,Parker Joncus",9,3.33333333333333,1,0,0,1,7,1,6,0,0,0,1,2,2,0,4,0,4,3,1,3,1,2,7,0,1,1,0,7.38333333333333,3,0,6,3,3,1,12
0,0,1,1,1,0,0,0,0,0,7.38333333333333,3,7,"Ahmad Muhammad,Anthony Mosley,Capriest Gardner,Jake Digiorgio,Parker Joncus",2,0.883333333333334,0,0,0,0,1,0,1,0,0,0,1,0,0,1,0,0,0,0,1,1,0,1,2,0,0,0,0,6.5,1,1,1,1,0,1,12
0,0,1,2,1,1,0,0,0,2,6.5,3,8,"Ahmad Muhammad,Anthony Mosley,Capriest Gardner,Kohl Linder,Parker Joncus",2,1.51666666666667,0,0,0,0,3,1,2,1,0,1,0,2,2,0,0,0,0,2,0,3,1,2,0,0,0,0,0,4.98333333333333,1,0,2,1,1,1,12
1,0,0,1,1,0,0,0,0,1,4.98333333333333,3,9,"Ahmad Muhammad,Anthony Mosley,Capriest Gardner,Jake Digiorgio,Parker Joncus",2,0.816666666666666,0,1,0,0,2,2,0,0,0,0,0,0,5,0,1,1,0,0,0,1,1,0,-3,0,0,0,0,4.16666666666667,0,1,1,1,0,1,12
1,0,2,1,1,0,0,0,0,0,4.16666666666667,3,10,"Brett Ott,Capriest Gardner,Jake Bruns,Jake Digiorgio,Parker Joncus",2,1.66666666666667,0,1,0,0,3,1,2,0,0,0,0,0,3,1,2,1,1,0,0,1,0,1,-1,0,0,0,0,2.5,2,2,1,1,0,1,12
0,0,0,0,0,0,0,0,0,2,2.5,3,11,"Anthony Mosley,Jake Bruns,Jake Digiorgio,Milos Dugalic,Parker Joncus",0,0.216666666666667,0,0,0,0,1,1,0,1,1,0,0,0,3,1,0,0,0,0,0,1,1,0,-3,0,0,0,0,2.28333333333333,0,1,0,0,0,1,12
1,0,2,4,2,2,2,2,0,2,2.28333333333333,3,12,"Ahmad Muhammad,Anthony Mosley,Jake Digiorgio,Milos Dugalic,Parker Joncus",8,2.28333333333333,1,0,0,1,2,0,2,4,4,0,2,0,4,0,0,0,0,1,1,2,0,2,0,0,2,2,0,0,3,0,2,0,2,1,12
1,1,4,9,5,4,1,0,1,2,20,3,13,"Ahmad Muhammad,Anthony Mosley,Jake Digiorgio,Milos Dugalic,Parker Joncus",11,4.41666666666667,3,2,0,1,8,3,5,0,0,0,2,0,7,0,3,1,2,1,0,5,2,3,4,0,1,1,0,15.5833333333333,7,1,8,4,4,2,12
0,0,0,0,0,0,0,0,0,0,15.5833333333333,3,14,"Ahmad Muhammad,Anthony Mosley,Calvin Schmitz,Jake Digiorgio,Milos Dugalic",0,0.316666666666666,0,0,0,0,0,0,0,0,0,0,1,0,0,0,0,0,0,0,1,0,0,0,0,0,0,0,0,15.2666666666667,0,0,0,0,0,2,12
1,0,1,1,1,0,0,0,0,1,15.2666666666667,3,15,"Ahmad Muhammad,Anthony Mosley,Calvin Schmitz,Cody Mattson,Jake Digiorgio",2,1.21666666666667,0,1,0,0,2,1,1,0,0,0,0,0,2,2,0,0,0,0,0,2,1,1,0,0,0,0,0,14.05,1,2,1,1,0,2,12
0,0,1,2,1,1,0,0,0,0,14.05,3,16,"Ahmad Muhammad,Anthony Mosley,Calvin Schmitz,Cody Mattson,Ricardo Whitehead",2,1.5,0,0,0,1,2,1,1,0,0,0,0,0,3,0,2,1,1,1,1,0,0,0,-1,0,1,0,1,12.55,1,0,1,1,0,2,12
0,0,3,5,1,4,0,0,0,0,12.55,3,17,"Anthony Mosley,Calvin Schmitz,Cody Mattson,Jake Bruns,Ricardo Whitehead",3,2.06666666666667,0,0,0,2,3,0,3,0,0,0,0,0,0,0,2,0,2,2,1,1,0,1,3,0,3,1,2,10.4833333333333,3,0,2,0,2,2,12
0,0,0,1,0,1,0,0,0,1,10.4833333333333,3,18,"Calvin Schmitz,Cody Mattson,Jake Bruns,Ricardo Whitehead,Zach Parduhn",0,0.533333333333333,0,0,0,0,0,0,0,0,0,0,0,0,0,0,0,0,0,0,1,0,0,0,0,0,1,0,1,9.95,0,0,0,0,0,2,12
0,0,2,2,1,1,2,1,1,0,9.95,3,19,"Calvin Schmitz,Jake Bruns,Parker Joncus,Ricardo Whitehead,Zach Parduhn",3,1.7,0,1,0,1,3,1,2,0,0,0,2,0,3,0,3,1,2,1,0,0,0,0,0,0,1,0,1,8.25,2,0,1,1,0,2,12
1,0,2,3,3,0,1,0,1,1,8.25,3,20,"Calvin Schmitz,Jake Bruns,Jake Digiorgio,Parker Joncus,Zach Parduhn",6,2.1,0,0,0,0,3,0,3,0,0,0,2,0,0,0,2,0,2,0,0,1,0,1,6,0,0,0,0,6.15,2,0,3,3,0,2,12
0,0,0,0,0,0,0,0,0,3,6.15,3,21,"Calvin Schmitz,Capriest Gardner,Jake Bruns,Jake Digiorgio,Zach Parduhn",0,1.88333333333333,0,0,0,0,2,2,0,2,1,1,0,0,6,1,1,1,0,0,0,1,1,0,-6,0,0,0,0,4.26666666666667,0,3,0,0,0,2,12
1,0,3,4,1,3,0,0,0,0,4.26666666666667,3,22,"Ahmad Muhammad,Anthony Mosley,Calvin Schmitz,Capriest Gardner,Jake Digiorgio",3,2.41666666666667,0,1,0,3,5,1,4,0,0,0,0,0,2,0,2,0,2,3,0,3,1,2,1,0,3,1,2,1.85,3,0,1,0,1,2,12
0,1,2,2,0,2,0,0,0,1,1.85,3,23,"Brett Ott,Capriest Gardner,Cody Mattson,Jalen Lomax,Zach Parduhn",0,1.85,0,0,0,2,3,1,2,0,0,0,0,0,2,0,1,0,1,2,0,2,1,1,0,0,0,0,0,0,2,1,2,0,2,2,12
1,0,1,10,3,7,0,0,0,2,20,5,1,"Ahmad Muhammad,Anthony Mosley,Jake Digiorgio,Max Hisatake,Parker Joncus",7,3.23333333333333,4,1,0,1,4,3,1,0,0,0,1,0,7,0,1,1,0,1,1,3,2,1,0,0,4,1,3,16.7666666666667,5,1,6,2,4,1,12
1,0,1,2,2,0,0,0,0,1,16.7666666666667,5,2,"Ahmad Muhammad,Anthony Mosley,Capriest Gardner,Max Hisatake,Milos Dugalic",5,1.5,0,0,0,0,2,1,1,2,2,0,0,0,4,0,0,0,0,0,0,2,1,1,1,0,1,1,0,15.2666666666667,1,0,1,1,0,1,12
0,0,1,1,0,1,2,2,0,1,15.2666666666667,5,3,"Anthony Mosley,Capriest Gardner,Jake Digiorgio,Milos Dugalic,Otis Reale",2,1.01666666666667,0,0,0,1,2,0,2,0,0,0,1,1,0,0,1,0,1,2,1,1,0,1,2,0,0,0,0,14.25,1,1,1,0,1,1,12
0,0,2,2,1,1,0,0,0,0,14.25,5,4,"Ahmad Muhammad,Capriest Gardner,Jake Digiorgio,Milos Dugalic,Zach Parduhn",2,1.26666666666667,0,0,1,1,2,0,2,0,0,0,0,0,0,0,1,0,1,1,0,1,0,1,2,0,0,0,0,12.9833333333333,2,0,2,1,1,1,12
0,0,1,1,1,0,0,0,0,1,12.9833333333333,5,5,"Ahmad Muhammad,Calvin Schmitz,Jake Digiorgio,Max Hisatake,Zach Parduhn",2,1.1,0,1,0,0,2,1,1,0,0,0,0,0,3,0,1,1,0,0,0,1,0,1,-1,0,0,0,0,11.8833333333333,1,0,1,1,0,1,12
1,0,2,5,2,3,1,1,0,1,11.8833333333333,5,6,"Ahmad Muhammad,Anthony Mosley,Calvin Schmitz,Jake Digiorgio,Max Hisatake",5,2.28333333333333,0,0,0,1,2,0,2,0,0,0,1,0,0,0,0,0,0,1,2,2,0,2,5,0,2,0,2,9.6,2,0,3,2,1,1,12
0,1,1,1,0,1,0,0,0,1,9.6,5,7,"Anthony Mosley,Calvin Schmitz,Jake Digiorgio,Max Hisatake,Parker Joncus",0,0.549999999999999,1,0,0,0,1,0,1,2,1,1,0,0,1,1,0,0,0,0,0,1,0,1,-1,0,0,0,0,9.05,2,1,1,0,1,1,12
0,0,1,4,1,3,0,0,0,2,9.05,5,8,"Anthony Mosley,Calvin Schmitz,Jake Digiorgio,Parker Joncus,Ricardo Whitehead",2,1.73333333333333,3,0,0,0,3,1,2,2,1,1,0,1,3,1,2,0,2,1,0,1,1,0,-1,0,0,0,0,7.31666666666667,4,2,4,1,3,1,12
0,0,1,1,0,1,0,0,0,1,7.31666666666667,5,9,"Anthony Mosley,Capriest Gardner,Jake Digiorgio,Max Hisatake,Parker Joncus",0,0.983333333333333,0,0,0,1,1,0,1,2,1,1,0,0,1,0,0,0,0,1,0,1,0,1,-1,0,0,0,0,6.33333333333333,1,1,1,0,1,1,12
2,1,2,6,4,2,1,1,0,1,6.33333333333333,5,10,"Ahmad Muhammad,Anthony Mosley,Capriest Gardner,Max Hisatake,Parker Joncus",9,3.61666666666667,0,1,0,2,6,2,4,2,1,1,3,1,6,0,2,1,1,3,0,4,1,3,3,1,1,0,1,2.71666666666667,2,1,5,4,1,1,12
4,0,2,6,4,2,0,0,0,0,2.71666666666667,5,11,"Ahmad Muhammad,Anthony Mosley,Jake Digiorgio,Max Hisatake,Milos Dugalic",9,2.71666666666667,0,0,1,0,4,2,2,0,0,0,0,0,4,0,1,0,1,0,1,3,2,1,0,0,2,1,1,0,2,0,4,3,1,1,12
0,0,2,2,0,2,0,0,0,3,20,5,12,"Ahmad Muhammad,Anthony Mosley,Jake Digiorgio,Max Hisatake,Parker Joncus",0,2.46666666666666,0,1,0,2,5,2,3,2,1,1,0,1,5,1,1,0,1,3,0,4,2,2,-5,0,1,0,1,17.5333333333333,2,2,1,0,1,2,12
0,0,0,2,0,2,2,1,1,1,17.5333333333333,5,13,"Anthony Mosley,Capriest Gardner,Milos Dugalic,Otis Reale,Ricardo Whitehead",1,1.68333333333334,1,1,0,1,1,1,0,2,2,0,1,0,4,0,0,0,0,1,0,1,1,0,-3,0,0,0,0,15.85,1,0,2,0,2,2,12
2,0,4,7,5,2,0,0,0,2,15.85,5,14,"Ahmad Muhammad,Anthony Mosley,Capriest Gardner,Jake Digiorgio,Max Hisatake",10,3.91666666666667,1,1,0,1,5,1,4,4,3,1,1,0,5,0,1,0,1,1,0,4,1,3,5,0,0,0,0,11.9333333333333,5,0,7,5,2,2,12
0,0,1,0,0,0,0,0,0,0,11.9333333333333,5,15,"Ahmad Muhammad,Calvin Schmitz,Max Hisatake,Ricardo Whitehead,Zach Parduhn",0,0.566666666666666,0,0,0,0,1,0,1,0,0,0,0,0,0,1,0,0,0,0,0,1,0,1,0,0,0,0,0,11.3666666666667,1,1,0,0,0,2,12
1,0,0,2,2,0,0,0,0,0,11.3666666666667,5,16,"Ahmad Muhammad,Max Hisatake,Milos Dugalic,Ricardo Whitehead,Zach Parduhn",4,1.16666666666667,0,0,0,0,0,0,0,2,2,0,1,0,2,0,0,0,0,0,1,0,0,0,2,1,0,0,0,10.2,0,0,2,2,0,2,12
0,0,0,0,0,0,0,0,0,1,10.2,5,17,"Ahmad Muhammad,Jake Digiorgio,Milos Dugalic,Ricardo Whitehead,Zach Parduhn",0,0.166666666666666,0,0,0,0,0,0,0,2,1,1,0,0,1,1,0,0,0,0,0,0,0,0,-1,0,0,0,0,10.0333333333333,0,1,0,0,0,2,12
0,0,0,2,0,2,0,0,0,0,10.0333333333333,5,18,"Ahmad Muhammad,Anthony Mosley,Jake Digiorgio,Milos Dugalic,Ricardo Whitehead",0,1.11666666666667,1,0,0,1,0,0,0,0,0,0,0,0,0,0,0,0,0,1,1,0,0,0,0,0,1,0,1,8.91666666666667,1,0,1,0,1,2,12
2,1,4,8,4,4,6,4,2,3,8.91666666666667,5,19,"Ahmad Muhammad,Anthony Mosley,Jake Digiorgio,Max Hisatake,Milos Dugalic",13,5.31666666666667,3,0,1,3,5,0,5,6,5,1,6,0,5,1,2,0,2,3,0,3,0,3,8,0,1,1,0,3.6,7,1,7,3,4,2,12
0,1,1,1,0,1,2,2,0,0,3.6,5,20,"Ahmad Muhammad,Anthony Mosley,Capriest Gardner,Jake Digiorgio,Milos Dugalic",2,0.783333333333334,0,0,0,1,2,0,2,0,0,0,1,0,0,0,1,0,1,1,0,1,0,1,2,0,0,0,0,2.81666666666667,1,0,1,0,1,2,12
0,0,3,4,0,4,2,1,1,0,2.81666666666667,5,21,"Anthony Mosley,Brett Ott,Capriest Gardner,Milos Dugalic,Zach Parduhn",1,2.81666666666667,1,0,0,3,8,2,6,0,0,0,1,3,4,0,1,0,1,6,0,7,2,5,0,0,1,0,1,0,4,0,3,0,3,2,12
3,1,5,8,5,3,0,0,0,2,20,2,1,"Ahmad Muhammad,Anthony Mosley,Jake Digiorgio,Max Hisatake,Milos Dugalic",12,3.85,1,1,0,2,7,1,6,2,2,0,0,0,4,1,2,0,2,2,1,5,1,4,8,1,4,2,2,16.15,6,2,4,3,1,1,12
0,0,1,1,1,0,0,0,0,1,16.15,2,2,"Anthony Mosley,Jake Bruns,Max Hisatake,Milos Dugalic,Parker Joncus",2,0.983333333333332,0,0,0,0,2,0,2,2,0,2,0,2,0,0,1,0,1,2,0,1,0,1,2,0,0,0,0,15.1666666666667,1,0,1,1,0,1,12
0,0,0,1,0,1,0,0,0,1,15.1666666666667,2,3,"Anthony Mosley,Capriest Gardner,Jake Bruns,Max Hisatake,Parker Joncus",0,0.983333333333332,0,1,0,1,1,1,0,2,1,1,0,0,4,0,1,1,0,1,0,0,0,0,-4,0,1,0,1,14.1833333333333,0,0,0,0,0,1,12
0,0,1,3,1,2,0,0,0,0,14.1833333333333,2,4,"Capriest Gardner,Jake Bruns,Jake Digiorgio,Parker Joncus,Zach Parduhn",2,2.48333333333333,0,0,1,1,3,2,1,0,0,0,0,0,4,1,0,0,0,1,1,3,2,1,-2,0,1,0,1,11.7,1,1,2,1,1,1,12
0,0,0,0,0,0,0,0,0,0,11.7,2,5,"Ahmad Muhammad,Calvin Schmitz,Jake Digiorgio,Max Hisatake,Zach Parduhn",0,0.183333333333332,0,0,0,0,0,0,0,0,0,0,1,0,0,0,0,0,0,0,0,0,0,0,0,0,0,0,0,11.5166666666667,0,0,0,0,0,1,12
0,0,3,5,0,5,4,4,0,0,11.5166666666667,2,6,"Ahmad Muhammad,Anthony Mosley,Calvin Schmitz,Jake Digiorgio,Max Hisatake",4,3.28333333333333,2,1,0,3,5,2,3,0,0,0,4,0,5,0,2,1,1,3,0,3,1,2,-1,0,2,0,2,8.23333333333333,5,1,3,0,3,1,12
0,0,1,1,1,0,0,0,0,1,8.23333333333333,2,7,"Ahmad Muhammad,Anthony Mosley,Jake Digiorgio,Max Hisatake,Milos Dugalic",2,1.66666666666667,0,1,0,0,2,1,1,0,0,0,0,0,3,1,2,1,1,0,1,0,0,0,-1,1,0,0,0,6.56666666666667,1,2,1,1,0,1,12
0,0,0,0,0,0,0,0,0,0,6.56666666666667,2,8,"Ahmad Muhammad,Anthony Mosley,Jake Digiorgio,Milos Dugalic,Ricardo Whitehead",0,0.666666666666666,0,1,0,0,1,1,0,0,0,0,1,0,2,0,0,0,0,0,0,1,1,0,-2,0,0,0,0,5.9,0,0,0,0,0,1,12
0,0,2,3,2,1,0,0,0,1,5.9,2,9,"Ahmad Muhammad,Jake Bruns,Jake Digiorgio,Milos Dugalic,Ricardo Whitehead",4,1.95,1,0,0,1,3,1,2,2,0,2,0,0,3,1,2,1,1,1,0,1,0,1,1,0,0,0,0,3.95,3,2,3,2,1,1,12
0,0,0,1,0,1,0,0,0,1,3.95,2,10,"Ahmad Muhammad,Capriest Gardner,Jake Bruns,Max Hisatake,Milos Dugalic",0,0.6,0,0,0,1,0,0,0,2,2,0,0,0,2,0,0,0,0,1,0,0,0,0,-2,0,1,0,1,3.35,0,0,0,0,0,1,12
1,0,2,4,2,2,2,2,0,1,3.35,2,11,"Ahmad Muhammad,Anthony Mosley,Jake Digiorgio,Max Hisatake,Milos Dugalic",6,3.08333333333333,0,1,0,2,3,1,2,0,0,0,2,0,2,0,1,0,1,2,2,2,1,1,4,0,2,0,2,0.266666666666667,2,1,2,2,0,1,12
0,0,1,1,0,1,0,0,0,0,0.266666666666667,2,12,"Ahmad Muhammad,Calvin Schmitz,Capriest Gardner,Jake Digiorgio,Parker Joncus",0,0.266666666666667,0,0,0,0,1,0,1,0,0,0,0,0,0,0,0,0,0,0,0,1,0,1,0,0,1,0,1,0,1,0,0,0,0,1,12
2,0,2,6,4,2,0,0,0,0,20,2,13,"Ahmad Muhammad,Anthony Mosley,Jake Digiorgio,Max Hisatake,Milos Dugalic",8,4.9,0,3,0,2,7,5,2,0,0,0,1,0,12,2,2,2,0,2,2,5,3,2,-4,1,0,0,0,15.1,2,4,6,4,2,2,12
0,0,1,4,0,4,0,0,0,1,15.1,2,14,"Anthony Mosley,Jake Bruns,Jake Digiorgio,Kohl Linder,Parker Joncus",0,2.28333333333333,2,2,0,2,3,2,1,0,0,0,1,0,5,1,2,1,1,2,0,1,1,0,-5,0,3,0,3,12.8166666666667,3,1,1,0,1,2,12
0,1,2,1,0,1,0,0,0,0,12.8166666666667,2,15,"Ahmad Muhammad,Capriest Gardner,Jake Bruns,Max Hisatake,Parker Joncus",0,0.85,0,0,0,1,2,0,2,0,0,0,0,0,0,0,0,0,0,1,0,2,0,2,0,0,1,0,1,11.9666666666667,2,1,0,0,0,2,12
2,0,1,3,3,0,2,2,0,0,11.9666666666667,2,16,"Ahmad Muhammad,Calvin Schmitz,Capriest Gardner,Max Hisatake,Parker Joncus",9,2.8,0,1,0,0,3,2,1,0,0,0,3,0,5,0,2,1,1,0,1,1,1,0,4,1,1,1,0,9.16666666666667,1,0,2,2,0,2,12
0,0,1,2,0,2,2,1,1,1,9.16666666666667,2,17,"Ahmad Muhammad,Anthony Mosley,Capriest Gardner,Max Hisatake,Parker Joncus",1,1.4,1,1,0,2,2,1,1,0,0,0,1,0,3,0,1,1,0,2,0,1,0,1,-2,0,1,0,1,7.76666666666667,2,0,1,0,1,2,12
0,0,1,1,0,1,0,0,0,1,7.76666666666667,2,18,"Ahmad Muhammad,Anthony Mosley,Jake Digiorgio,Max Hisatake,Parker Joncus",0,1.23333333333333,0,0,0,1,2,1,1,0,0,0,0,0,2,0,0,0,0,1,0,2,1,1,-2,0,0,0,0,6.53333333333333,1,0,1,0,1,2,12
0,0,1,4,1,3,0,0,0,0,6.53333333333333,2,19,"Ahmad Muhammad,Anthony Mosley,Jake Digiorgio,Max Hisatake,Milos Dugalic",2,1.91666666666667,1,1,0,2,3,2,1,0,0,0,0,0,6,0,3,2,1,2,0,0,0,0,-4,0,0,0,0,4.61666666666667,2,0,4,1,3,2,12
0,0,1,4,0,4,0,0,0,0,4.61666666666667,2,20,"Anthony Mosley,Jake Bruns,Jake Digiorgio,Max Hisatake,Milos Dugalic",0,1.65,1,1,0,3,2,1,1,0,0,0,0,0,2,0,1,0,1,3,0,1,1,0,-2,0,3,0,3,2.96666666666667,2,0,1,0,1,2,12
1,0,0,1,1,0,0,0,0,0,2.96666666666667,2,21,"Ahmad Muhammad,Anthony Mosley,Jake Digiorgio,Kohl Linder,Max Hisatake",3,0.816666666666667,0,0,0,0,1,1,0,2,2,0,1,0,4,0,0,0,0,0,0,1,1,0,-1,0,1,1,0,2.15,0,0,0,0,0,2,12
0,0,1,6,1,5,0,0,0,3,2.15,2,22,"Ahmad Muhammad,Anthony Mosley,Jake Digiorgio,Max Hisatake,Parker Joncus",2,2.15,2,1,0,3,2,1,1,2,2,0,0,0,5,0,1,1,0,3,0,1,0,1,0,0,3,0,3,0,3,0,3,1,2,2,12
1,0,3,6,3,3,0,0,0,1,20,7,1,"Ahmad Muhammad,Anthony Mosley,Jake Digiorgio,Max Hisatake,Parker Joncus",6,4.85,1,2,0,2,8,6,2,2,0,2,0,0,12,4,0,0,0,2,2,8,6,2,-6,1,1,0,1,15.15,4,5,5,3,2,1,12
2,1,1,2,2,0,2,2,0,0,15.15,7,2,"Anthony Mosley,Jake Digiorgio,Max Hisatake,Milos Dugalic,Otis Reale",7,1.98333333333333,0,1,0,0,3,2,1,0,0,0,1,0,6,1,2,2,0,0,0,1,0,1,1,0,1,1,0,13.1666666666667,1,1,1,1,0,1,12
0,0,0,1,0,1,0,0,0,0,13.1666666666667,7,3,"Anthony Mosley,Jake Digiorgio,Milos Dugalic,Otis Reale,Ricardo Whitehead",0,0.716666666666667,0,1,0,1,1,1,0,0,0,0,1,0,3,0,1,1,0,1,1,0,0,0,-3,0,1,0,1,12.45,0,0,0,0,0,1,12
1,0,0,1,1,0,2,2,0,0,12.45,7,4,"Anthony Mosley,Capriest Gardner,Milos Dugalic,Otis Reale,Ricardo Whitehead",4,1.16666666666667,0,0,0,0,1,1,0,0,0,0,2,0,2,0,0,0,0,0,1,1,1,0,2,0,0,0,0,11.2833333333333,0,1,1,1,0,1,12
1,0,3,4,3,1,3,3,0,2,11.2833333333333,7,5,"Anthony Mosley,Capriest Gardner,Jake Bruns,Max Hisatake,Milos Dugalic",9,2.28333333333333,1,0,0,0,4,0,4,0,0,0,2,1,0,0,2,0,2,1,0,2,0,2,9,0,0,0,0,9,4,0,4,3,1,1,12
2,0,3,5,4,1,0,0,0,0,9,7,6,"Anthony Mosley,Jake Bruns,Jake Digiorgio,Max Hisatake,Milos Dugalic",10,2.41666666666667,0,0,0,0,5,1,4,0,0,0,0,1,2,0,2,0,2,1,1,3,1,2,8,1,2,2,0,6.58333333333333,3,1,3,2,1,1,12
0,0,2,2,1,1,0,0,0,1,6.58333333333333,7,7,"Ahmad Muhammad,Anthony Mosley,Jake Digiorgio,Milos Dugalic,Ricardo Whitehead",2,1.75,1,1,0,0,4,1,3,0,0,0,0,1,2,0,1,0,1,1,0,3,1,2,0,0,1,0,1,4.83333333333333,3,1,1,1,0,1,12
0,0,1,4,0,4,0,0,0,0,4.83333333333333,7,8,"Ahmad Muhammad,Anthony Mosley,Calvin Schmitz,Jake Digiorgio,Max Hisatake",0,1.51666666666667,0,0,0,4,3,1,2,0,0,0,0,0,2,0,0,0,0,4,1,3,1,2,-2,1,3,0,3,3.31666666666667,1,0,1,0,1,1,12
0,0,1,0,0,0,0,0,0,1,3.31666666666667,7,9,"Ahmad Muhammad,Calvin Schmitz,Jake Digiorgio,Max Hisatake,Otis Reale",0,1,0,0,0,0,1,0,1,0,0,0,0,0,0,0,0,0,0,0,0,1,0,1,0,0,0,0,0,2.31666666666667,1,1,0,0,0,1,12
2,0,1,4,2,2,0,0,0,0,2.31666666666667,7,10,"Ahmad Muhammad,Calvin Schmitz,Jake Digiorgio,Milos Dugalic,Otis Reale",5,2.31666666666667,0,2,0,2,3,2,1,0,0,0,0,0,6,0,2,2,0,2,0,1,0,1,0,0,1,1,0,0,1,0,3,1,2,1,12
0,0,0,0,0,0,0,0,0,1,20,7,11,"Ahmad Muhammad,Anthony Mosley,Jake Digiorgio,Max Hisatake,Parker Joncus",0,0.483333333333334,0,0,0,0,0,0,0,0,0,0,0,0,0,0,0,0,0,0,1,0,0,0,0,1,0,0,0,19.5166666666667,0,1,0,0,0,2,12
0,0,3,2,0,2,0,0,0,0,19.5166666666667,7,12,"Ahmad Muhammad,Anthony Mosley,Max Hisatake,Milos Dugalic,Parker Joncus",0,1.28333333333333,0,0,0,2,3,0,3,0,0,0,0,0,0,0,1,0,1,2,0,2,0,2,0,0,1,0,1,18.2333333333333,3,1,1,0,1,2,12
1,0,3,8,3,5,3,3,0,1,18.2333333333333,7,13,"Ahmad Muhammad,Anthony Mosley,Jake Digiorgio,Max Hisatake,Milos Dugalic",9,4.11666666666667,1,0,1,3,5,2,3,0,0,0,4,0,4,1,1,0,1,3,2,4,2,2,5,2,3,0,3,14.1166666666667,4,1,5,3,2,2,12
0,0,2,0,0,0,0,0,0,0,14.1166666666667,7,14,"Ahmad Muhammad,Anthony Mosley,Capriest Gardner,Max Hisatake,Milos Dugalic",0,0.966666666666667,0,0,0,0,4,0,4,0,0,0,0,2,0,1,1,0,1,2,0,3,0,3,0,0,0,0,0,13.15,2,2,0,0,0,2,12
1,0,2,3,1,2,2,1,1,0,13.15,7,15,"Anthony Mosley,Capriest Gardner,Max Hisatake,Milos Dugalic,Otis Reale",3,2.96666666666667,2,1,0,0,3,1,2,0,0,0,2,0,3,0,1,1,0,0,0,2,0,2,0,0,1,0,1,10.1833333333333,4,1,2,1,1,2,12
1,0,1,2,2,0,0,0,0,0,10.1833333333333,7,16,"Capriest Gardner,Jake Bruns,Jake Digiorgio,Milos Dugalic,Otis Reale",4,1.28333333333333,0,0,0,0,1,0,1,0,0,0,1,0,0,0,0,0,0,0,1,1,0,1,4,0,0,0,0,8.9,1,0,2,2,0,2,12
0,1,0,0,0,0,0,0,0,1,8.9,7,17,"Calvin Schmitz,Capriest Gardner,Jake Bruns,Jake Digiorgio,Otis Reale",0,1.01666666666667,0,1,0,0,3,1,2,2,2,0,0,1,4,0,0,0,0,1,0,3,1,2,-4,0,0,0,0,7.88333333333333,0,1,0,0,0,2,12
1,0,1,2,2,0,2,2,0,1,7.88333333333333,7,18,"Anthony Mosley,Calvin Schmitz,Jake Bruns,Jake Digiorgio,Max Hisatake",7,2,0,1,0,0,4,3,1,1,1,0,1,0,8,0,1,1,0,0,0,3,2,1,-1,0,1,1,0,5.88333333333333,1,1,1,1,0,2,12
4,2,4,6,4,2,6,6,0,1,5.88333333333333,7,19,"Anthony Mosley,Jake Bruns,Jake Digiorgio,Max Hisatake,Milos Dugalic",16,4.6,0,1,1,1,9,3,6,1,1,0,3,2,7,1,2,0,2,3,1,7,3,4,9,1,3,2,1,1.28333333333333,4,1,3,2,1,2,12
1,2,0,1,1,0,0,0,0,1,1.28333333333333,7,20,"Brett Ott,Cody Mattson,Jalen Lomax,Kohl Linder,Zach Parduhn",2,1.28333333333333,0,1,0,0,6,2,4,1,0,1,0,4,4,0,0,0,0,4,0,6,2,4,0,0,0,0,0,0,0,0,1,1,0,2,12
0,0,5,11,4,7,0,0,0,1,20,8,1,"Ahmad Muhammad,Anthony Mosley,Jake Digiorgio,Max Hisatake,Parker Joncus",8,5.91666666666667,2,1,0,4,10,4,6,2,2,0,1,1,11,2,2,1,1,5,0,8,3,5,-3,0,1,0,1,14.0833333333333,7,2,10,4,6,1,12
1,0,1,2,1,1,0,0,0,1,14.0833333333333,8,2,"Anthony Mosley,Jake Digiorgio,Milos Dugalic,Otis Reale,Ricardo Whitehead",3,0.883333333333335,0,0,1,1,0,0,0,2,0,2,0,0,0,0,0,0,0,1,1,0,0,0,3,0,1,1,0,13.2,1,0,1,0,1,1,12
0,0,0,1,1,0,0,0,0,0,13.2,8,3,"Anthony Mosley,Capriest Gardner,Jake Digiorgio,Milos Dugalic,Otis Reale",2,1.03333333333333,0,0,0,0,0,0,0,0,0,0,0,0,0,0,0,0,0,0,1,0,0,0,2,1,0,0,0,12.1666666666667,0,0,1,1,0,1,12
0,0,1,2,1,1,0,0,0,2,12.1666666666667,8,4,"Anthony Mosley,Capriest Gardner,Max Hisatake,Milos Dugalic,Otis Reale",2,1.15,1,0,0,0,1,0,1,0,0,0,0,0,0,0,1,0,1,0,0,0,0,0,2,0,0,0,0,11.0166666666667,2,1,2,1,1,1,12
0,0,0,2,2,0,0,0,0,1,11.0166666666667,8,5,"Anthony Mosley,Capriest Gardner,Jake Digiorgio,Milos Dugalic,Otis Reale",4,0.783333333333335,0,1,0,0,1,1,0,0,0,0,0,0,3,0,1,1,0,0,1,0,0,0,1,1,0,0,0,10.2333333333333,0,0,2,2,0,1,12
0,0,0,0,0,0,0,0,0,1,10.2333333333333,8,6,"Ahmad Muhammad,Capriest Gardner,Jake Bruns,Jake Digiorgio,Milos Dugalic",0,0.0499999999999989,0,0,0,0,0,0,0,0,0,0,0,0,0,0,0,0,0,0,0,0,0,0,0,0,0,0,0,10.1833333333333,0,0,0,0,0,1,12
1,0,1,2,1,1,0,0,0,0,10.1833333333333,8,7,"Ahmad Muhammad,Calvin Schmitz,Capriest Gardner,Jake Bruns,Jake Digiorgio",3,1.35,1,0,0,0,2,1,1,0,0,0,1,0,2,0,1,0,1,0,0,1,1,0,1,0,2,1,1,8.83333333333333,2,0,0,0,0,1,12
1,0,0,1,1,0,2,1,1,0,8.83333333333333,8,8,"Ahmad Muhammad,Calvin Schmitz,Jake Bruns,Jake Digiorgio,Parker Joncus",4,0.75,0,0,0,1,1,1,0,0,0,0,1,0,2,0,0,0,0,1,0,1,1,0,2,0,1,1,0,8.08333333333333,0,0,0,0,0,1,12
0,1,2,2,0,2,0,0,0,0,8.08333333333333,8,9,"Anthony Mosley,Calvin Schmitz,Jake Bruns,Jake Digiorgio,Parker Joncus",0,1.85,0,0,0,2,4,1,3,0,0,0,0,1,2,0,1,0,1,3,1,3,1,2,-2,0,0,0,0,6.23333333333333,2,2,2,0,2,1,12
1,0,1,1,1,0,0,0,0,0,6.23333333333333,8,10,"Anthony Mosley,Jake Bruns,Max Hisatake,Milos Dugalic,Parker Joncus",2,1.16666666666667,0,0,0,0,1,0,1,0,0,0,0,0,0,1,0,0,0,0,1,1,0,1,2,1,0,0,0,5.06666666666667,1,1,1,1,0,1,12
1,0,0,1,1,0,0,0,0,0,5.06666666666667,8,11,"Ahmad Muhammad,Anthony Mosley,Max Hisatake,Milos Dugalic,Parker Joncus",3,0.75,0,0,0,0,1,1,0,0,0,0,0,0,2,0,0,0,0,0,0,1,1,0,1,0,1,1,0,4.31666666666667,0,0,0,0,0,1,12
1,0,1,1,1,0,0,0,0,2,4.31666666666667,8,12,"Ahmad Muhammad,Anthony Mosley,Jake Digiorgio,Milos Dugalic,Parker Joncus",3,1.01666666666667,0,0,0,0,0,0,0,1,0,1,0,0,0,0,0,0,0,0,0,0,0,0,3,0,1,1,0,3.3,1,1,0,0,0,1,12
1,0,1,4,1,3,2,1,1,1,3.3,8,13,"Anthony Mosley,Jake Digiorgio,Milos Dugalic,Otis Reale,Parker Joncus",3,3.3,2,0,0,1,2,2,0,1,0,1,1,0,4,1,0,0,0,1,2,2,2,0,0,1,1,0,1,0,3,2,3,1,2,1,12
2,0,6,12,7,5,6,5,1,2,20,8,14,"Ahmad Muhammad,Anthony Mosley,Jake Digiorgio,Max Hisatake,Parker Joncus",19,5.58333333333333,4,1,0,1,9,3,6,0,0,0,7,0,7,1,3,1,2,1,3,6,2,4,12,2,1,0,1,14.4166666666667,10,3,11,7,4,2,12
0,0,0,0,0,0,0,0,0,1,14.4166666666667,8,15,"Ahmad Muhammad,Anthony Mosley,Capriest Gardner,Jake Digiorgio,Milos Dugalic",0,0.183333333333334,0,0,0,0,0,0,0,2,2,0,0,0,2,0,0,0,0,0,0,0,0,0,-2,0,0,0,0,14.2333333333333,0,0,0,0,0,2,12
1,1,1,3,1,2,2,2,0,0,14.2333333333333,8,16,"Anthony Mosley,Capriest Gardner,Jake Digiorgio,Milos Dugalic,Otis Reale",4,1.25,1,1,0,1,3,1,2,0,0,0,1,0,3,0,2,1,1,1,0,1,0,1,1,0,0,0,0,12.9833333333333,2,0,3,1,2,2,12
0,1,2,1,0,1,0,0,0,3,12.9833333333333,8,17,"Capriest Gardner,Jake Bruns,Milos Dugalic,Otis Reale,Ricardo Whitehead",0,1.76666666666667,0,1,0,0,3,1,2,0,0,0,0,0,2,0,1,0,1,0,0,2,1,1,-2,0,0,0,0,11.2166666666667,2,2,1,0,1,2,12
0,0,1,0,0,0,1,0,1,0,11.2166666666667,8,18,"Capriest Gardner,Jake Bruns,Jake Digiorgio,Milos Dugalic,Otis Reale",0,0.6,0,0,0,1,1,0,1,0,0,0,1,0,0,0,0,0,0,1,0,1,0,1,0,0,0,0,0,10.6166666666667,1,0,0,0,0,2,12
0,0,0,1,0,1,0,0,0,1,10.6166666666667,8,19,"Anthony Mosley,Jake Digiorgio,Max Hisatake,Milos Dugalic,Otis Reale",0,0.716666666666667,0,1,0,1,1,1,0,2,2,0,0,0,5,0,1,1,0,1,0,0,0,0,-5,0,1,0,1,9.9,0,0,0,0,0,2,12
1,1,3,1,1,0,0,0,0,2,9.9,8,20,"Ahmad Muhammad,Anthony Mosley,Jake Digiorgio,Max Hisatake,Milos Dugalic",2,1.36666666666667,0,0,0,0,2,0,2,1,0,1,0,0,0,0,0,0,0,0,0,2,0,2,2,0,0,0,0,8.53333333333333,3,2,1,1,0,2,12
1,1,5,7,2,5,11,10,1,4,8.53333333333333,8,21,"Ahmad Muhammad,Anthony Mosley,Jake Digiorgio,Max Hisatake,Parker Joncus",14,7.66666666666667,0,0,0,4,14,9,5,5,4,1,5,0,25,1,5,3,2,4,0,9,6,3,-11,0,3,0,3,0.866666666666667,5,1,4,2,2,2,12
0,0,2,0,0,0,6,5,1,0,0.866666666666667,8,22,"Ahmad Muhammad,Anthony Mosley,Jake Digiorgio,Milos Dugalic,Parker Joncus",5,0.866666666666667,0,0,0,1,3,1,2,0,0,0,3,0,2,0,1,0,1,1,0,2,1,1,0,0,0,0,0,0,2,0,0,0,0,2,12
0,0,1,0,0,0,0,0,0,0,20,13,1,"Calvin Schmitz,Jake Digiorgio,Milos Dugalic,Otis Reale,Parker Joncus",0,0.633333333333333,0,0,0,0,1,0,1,0,0,0,0,0,0,0,0,0,0,0,0,1,0,1,0,0,0,0,0,19.3666666666667,1,0,0,0,0,1,12
3,0,1,6,3,3,0,0,0,0,19.3666666666667,13,2,"Calvin Schmitz,Jake Bruns,Jake Digiorgio,Milos Dugalic,Parker Joncus",8,3.9,0,3,0,2,6,4,2,0,0,0,1,1,10,0,2,2,0,3,1,4,2,2,-2,0,4,2,2,15.4666666666667,1,0,2,1,1,1,12
0,1,3,4,2,2,0,0,0,1,15.4666666666667,13,3,"Calvin Schmitz,Jake Digiorgio,Max Hisatake,Milos Dugalic,Otis Reale",4,2.03333333333333,2,0,0,0,3,0,3,0,0,0,2,0,0,0,2,0,2,0,0,1,0,1,4,0,0,0,0,13.4333333333333,5,1,4,2,2,1,12
2,0,1,4,3,1,1,1,0,1,13.4333333333333,13,4,"Ahmad Muhammad,Calvin Schmitz,Jake Digiorgio,Max Hisatake,Otis Reale",7,1.55,0,0,0,1,2,1,1,2,1,1,2,0,3,1,1,0,1,1,1,1,1,0,4,1,0,0,0,11.8833333333333,1,1,4,3,1,1,12
0,0,2,2,0,2,2,2,0,1,11.8833333333333,13,5,"Ahmad Muhammad,Jake Bruns,Jake Digiorgio,Otis Reale,Parker Joncus",2,1.33333333333333,1,0,0,1,2,0,2,0,0,0,1,0,0,0,1,0,1,1,0,1,0,1,2,0,0,0,0,10.55,3,0,2,0,2,1,12
0,0,4,8,3,5,0,0,0,0,10.55,13,6,"Ahmad Muhammad,Jake Bruns,Max Hisatake,Otis Reale,Parker Joncus",6,3.41666666666667,2,0,0,3,5,1,4,0,0,0,1,0,2,0,2,0,2,3,2,3,1,2,4,1,0,0,0,7.13333333333333,6,0,8,3,5,1,12
2,0,1,3,2,1,0,0,0,0,7.13333333333333,13,7,"Ahmad Muhammad,Calvin Schmitz,Jake Bruns,Jake Digiorgio,Zach Parduhn",6,2.73333333333333,0,1,0,1,3,1,2,0,0,0,0,0,3,0,3,1,2,1,1,0,0,0,3,0,2,2,0,4.4,1,1,1,0,1,1,12
0,0,2,4,1,3,0,0,0,1,4.4,13,8,"Ahmad Muhammad,Calvin Schmitz,Jake Digiorgio,Milos Dugalic,Otis Reale",2,2.9,1,0,0,2,3,1,2,2,2,0,0,0,4,0,1,0,1,2,0,2,1,1,-2,0,1,0,1,1.5,3,2,3,1,2,1,12
0,0,2,2,2,0,0,0,0,0,1.5,13,9,"Ahmad Muhammad,Calvin Schmitz,Jake Bruns,Jake Digiorgio,Milos Dugalic",4,1.5,0,0,0,0,3,0,3,0,0,0,0,0,0,0,1,0,1,0,0,2,0,2,0,0,0,0,0,0,2,0,2,2,0,1,12
2,0,1,4,2,2,0,0,0,0,20,13,10,"Calvin Schmitz,Jake Digiorgio,Milos Dugalic,Otis Reale,Parker Joncus",6,2.98333333333333,0,0,0,2,3,2,1,0,0,0,0,0,4,0,0,0,0,2,1,3,2,1,2,0,3,2,1,17.0166666666667,1,1,1,0,1,2,12
2,1,1,3,2,1,2,0,2,0,17.0166666666667,13,11,"Calvin Schmitz,Jake Digiorgio,Max Hisatake,Otis Reale,Parker Joncus",5,2.8,0,1,0,2,5,2,3,0,0,0,2,2,4,0,1,0,1,4,1,4,2,2,1,1,2,1,1,14.2166666666667,1,0,1,1,0,2,12
1,0,1,1,1,0,2,1,1,1,14.2166666666667,13,12,"Ahmad Muhammad,Jake Bruns,Jake Digiorgio,Max Hisatake,Parker Joncus",3,1.58333333333333,0,1,0,0,2,1,1,2,2,0,1,0,4,1,1,0,1,0,1,1,1,0,-1,1,0,0,0,12.6333333333333,1,2,1,1,0,2,12
0,0,0,3,0,3,4,4,0,1,12.6333333333333,13,13,"Ahmad Muhammad,Jake Bruns,Jake Digiorgio,Max Hisatake,Milos Dugalic",4,1.85,2,3,1,1,4,4,0,1,1,0,2,0,10,0,1,1,0,1,0,3,3,0,-6,0,1,0,1,10.7833333333333,2,0,2,0,2,2,12
0,0,1,0,0,0,0,0,0,1,10.7833333333333,13,14,"Ahmad Muhammad,Jake Digiorgio,Max Hisatake,Milos Dugalic,Otis Reale",0,0.483333333333333,0,0,0,0,2,0,2,2,0,2,0,2,0,1,1,0,1,2,0,1,0,1,0,0,0,0,0,10.3,1,1,0,0,0,2,12
2,0,1,2,2,0,2,2,0,1,10.3,13,15,"Ahmad Muhammad,Calvin Schmitz,Jake Digiorgio,Max Hisatake,Otis Reale",7,1.53333333333333,0,0,0,0,1,0,1,2,2,0,2,0,2,0,1,0,1,0,0,0,0,0,5,0,1,1,0,8.76666666666667,1,0,1,1,0,2,12
0,0,2,2,1,1,1,0,1,1,8.76666666666667,13,16,"Ahmad Muhammad,Calvin Schmitz,Max Hisatake,Otis Reale,Parker Joncus",2,1.73333333333333,0,0,0,2,3,1,2,2,2,0,1,0,4,0,1,0,1,2,0,2,1,1,-2,0,0,0,0,7.03333333333333,2,0,2,1,1,2,12
1,0,1,2,1,1,1,0,1,1,7.03333333333333,13,17,"Ahmad Muhammad,Calvin Schmitz,Jake Digiorgio,Otis Reale,Parker Joncus",3,1.91666666666667,0,1,0,2,1,1,0,2,1,1,1,0,4,0,1,1,0,2,1,0,0,0,-1,1,1,1,0,5.11666666666667,1,0,1,0,1,2,12
3,1,2,6,3,3,4,3,1,2,5.11666666666667,13,18,"Calvin Schmitz,Jake Digiorgio,Max Hisatake,Otis Reale,Parker Joncus",9,5.11666666666667,0,3,1,3,11,5,6,3,1,2,2,1,14,1,7,3,4,4,0,4,2,2,0,0,1,0,1,0,2,2,5,3,2,2,12
0,3,4,7,2,5,0,0,0,0,20,12,1,"Ahmad Muhammad,Jake Digiorgio,Max Hisatake,Otis Reale,Parker Joncus",4,4.81666666666667,1,1,0,4,10,3,7,0,0,0,0,2,6,2,1,0,1,6,1,9,3,6,-2,1,2,0,2,15.1833333333333,5,3,5,2,3,1,12
0,0,1,1,0,1,0,0,0,0,15.1833333333333,12,2,"Ahmad Muhammad,Jake Digiorgio,Max Hisatake,Milos Dugalic,Otis Reale",0,0.733333333333334,0,0,0,1,1,0,1,0,0,0,0,0,0,0,1,0,1,1,1,0,0,0,0,0,1,0,1,14.45,1,0,0,0,0,1,12
1,0,0,2,1,1,0,0,0,0,14.45,12,3,"Jake Bruns,Jake Digiorgio,Max Hisatake,Milos Dugalic,Otis Reale",3,1.15,0,0,0,1,1,1,0,0,0,0,0,0,2,0,0,0,0,1,1,1,1,0,1,0,1,1,0,13.3,0,0,1,0,1,1,12
0,0,0,0,0,0,0,0,0,1,13.3,12,4,"Jake Bruns,Jake Digiorgio,Kohl Linder,Milos Dugalic,Otis Reale",0,0.583333333333334,0,0,0,0,1,1,0,0,0,0,0,0,3,0,1,1,0,0,0,0,0,0,-3,0,0,0,0,12.7166666666667,0,1,0,0,0,1,12
0,0,1,3,0,3,0,0,0,0,12.7166666666667,12,5,"Calvin Schmitz,Jake Bruns,Jake Digiorgio,Kohl Linder,Otis Reale",0,1.4,1,0,1,2,1,0,1,0,0,0,0,0,0,0,0,0,0,2,0,1,0,1,0,0,2,0,2,11.3166666666667,2,0,1,0,1,1,12
0,0,1,0,0,0,0,0,0,0,11.3166666666667,12,6,"Calvin Schmitz,Kohl Linder,Max Hisatake,Otis Reale,Zach Parduhn",0,0.583333333333334,0,0,0,0,1,0,1,0,0,0,0,0,0,0,1,0,1,0,0,0,0,0,0,0,0,0,0,10.7333333333333,1,1,0,0,0,1,12
0,0,0,1,1,0,0,0,0,0,10.7333333333333,12,7,"Calvin Schmitz,Jake Bruns,Kohl Linder,Max Hisatake,Zach Parduhn",2,1.03333333333333,0,0,0,0,1,0,1,0,0,0,0,0,0,0,0,0,0,0,2,1,0,1,2,1,0,0,0,9.7,0,0,1,1,0,1,12
1,0,1,3,3,0,0,0,0,0,9.7,12,8,"Calvin Schmitz,Jake Bruns,Max Hisatake,Parker Joncus,Zach Parduhn",6,1.95,0,1,0,0,3,2,1,0,0,0,0,0,5,0,1,1,0,0,0,2,1,1,1,0,0,0,0,7.75,1,0,3,3,0,1,12
1,0,1,2,2,0,0,0,0,0,7.75,12,9,"Jake Bruns,Jake Digiorgio,Max Hisatake,Otis Reale,Parker Joncus",4,1.71666666666667,0,0,0,0,2,1,1,0,0,0,0,0,2,0,0,0,0,0,0,2,1,1,2,0,0,0,0,6.03333333333333,1,1,2,2,0,1,12
0,0,1,0,0,0,4,4,0,2,6.03333333333333,12,10,"Ahmad Muhammad,Jake Digiorgio,Max Hisatake,Otis Reale,Parker Joncus",4,2,0,1,0,0,3,1,2,0,0,0,3,1,2,0,1,0,1,1,0,2,1,1,2,0,0,0,0,4.03333333333333,1,0,0,0,0,1,12
1,0,0,1,1,0,0,0,0,3,4.03333333333333,12,11,"Ahmad Muhammad,Max Hisatake,Milos Dugalic,Otis Reale,Parker Joncus",2,1.05,0,0,0,0,2,0,2,2,2,0,1,2,2,0,0,0,0,2,1,2,0,2,0,0,0,0,0,2.98333333333333,0,0,1,1,0,1,12
0,0,0,1,0,1,0,0,0,1,2.98333333333333,12,12,"Ahmad Muhammad,Jake Digiorgio,Milos Dugalic,Otis Reale,Parker Joncus",0,1.35,0,1,0,1,1,1,0,2,2,0,1,0,4,1,0,0,0,1,0,1,1,0,-4,0,0,0,0,1.63333333333333,0,1,1,0,1,1,12
0,0,0,0,0,0,0,0,0,0,1.63333333333333,12,13,"Ahmad Muhammad,Jake Digiorgio,Max Hisatake,Otis Reale,Parker Joncus",0,0.25,0,0,0,0,0,0,0,0,0,0,0,0,0,0,0,0,0,0,0,0,0,0,0,0,0,0,0,1.38333333333333,0,1,0,0,0,1,12
0,1,1,1,1,0,0,0,0,0,1.38333333333333,12,14,"Ahmad Muhammad,Jake Digiorgio,Milos Dugalic,Otis Reale,Parker Joncus",2,0.633333333333333,0,0,0,0,2,1,1,0,0,0,0,0,2,0,0,0,0,0,0,2,1,1,0,0,0,0,0,0.75,1,1,1,1,0,1,12
0,0,0,0,0,0,0,0,0,1,0.75,12,15,"Ahmad Muhammad,Calvin Schmitz,Jake Digiorgio,Otis Reale,Parker Joncus",0,0.0666666666666667,0,0,0,0,0,0,0,2,2,0,0,0,2,0,0,0,0,0,0,0,0,0,-2,0,0,0,0,0.683333333333333,0,0,0,0,0,1,12
0,0,0,1,0,1,0,0,0,0,0.683333333333333,12,16,"Ahmad Muhammad,Jake Digiorgio,Max Hisatake,Otis Reale,Parker Joncus",0,0.683333333333333,0,1,0,1,1,1,0,0,0,0,0,0,3,0,1,1,0,1,0,0,0,0,0,0,1,0,1,0,0,0,0,0,0,1,12
1,0,1,4,1,3,0,0,0,3,20,12,17,"Ahmad Muhammad,Jake Digiorgio,Max Hisatake,Otis Reale,Parker Joncus",3,3.36666666666667,1,2,0,2,3,2,1,2,2,0,1,0,7,0,1,1,0,2,0,2,1,1,-4,0,2,1,1,16.6333333333333,2,2,2,0,2,2,12
1,0,4,5,3,2,0,0,0,0,16.6333333333333,12,18,"Jake Bruns,Jake Digiorgio,Max Hisatake,Otis Reale,Parker Joncus",6,2.46666666666667,0,2,0,2,6,2,4,0,0,0,1,0,4,0,1,0,1,2,0,5,2,3,2,0,2,0,2,14.1666666666667,4,0,3,3,0,2,12
0,0,1,1,0,1,0,0,0,1,14.1666666666667,12,19,"Calvin Schmitz,Jake Bruns,Max Hisatake,Milos Dugalic,Otis Reale",0,0.783333333333333,0,0,0,1,1,0,1,0,0,0,0,0,0,0,0,0,0,1,0,1,0,1,0,0,1,0,1,13.3833333333333,1,0,0,0,0,2,12
1,0,0,2,1,1,0,0,0,3,13.3833333333333,12,20,"Calvin Schmitz,Jake Bruns,Max Hisatake,Milos Dugalic,Zach Parduhn",2,1.56666666666667,0,1,0,1,1,1,0,2,2,0,1,0,4,0,0,0,0,1,0,1,1,0,-2,0,0,0,0,11.8166666666667,0,0,2,1,1,2,12
0,0,0,0,0,0,0,0,0,1,11.8166666666667,12,21,"Ahmad Muhammad,Calvin Schmitz,Jake Bruns,Max Hisatake,Milos Dugalic",0,0.5,0,0,0,0,0,0,0,2,2,0,0,0,2,1,0,0,0,0,0,0,0,0,-2,0,0,0,0,11.3166666666667,0,1,0,0,0,2,12
1,0,2,5,1,4,2,2,0,1,11.3166666666667,12,22,"Ahmad Muhammad,Jake Digiorgio,Max Hisatake,Milos Dugalic,Otis Reale",4,3.85,0,2,0,4,4,3,1,1,0,1,4,0,7,0,1,1,0,4,1,3,2,1,-3,0,2,0,2,7.46666666666667,2,0,3,1,2,2,12
0,0,0,0,0,0,0,0,0,1,7.46666666666667,12,23,"Cody Mattson,Jake Bruns,Max Hisatake,Milos Dugalic,Otis Reale",0,0.283333333333333,0,0,0,0,0,0,0,2,2,0,0,0,2,0,0,0,0,0,0,0,0,0,-2,0,0,0,0,7.18333333333333,0,0,0,0,0,2,12
0,0,0,2,0,2,4,3,1,0,7.18333333333333,12,24,"Cody Mattson,Jake Bruns,Max Hisatake,Otis Reale,Parker Joncus",3,2.01666666666667,0,1,0,2,3,2,1,0,0,0,2,1,5,0,1,1,0,3,1,2,1,1,-2,0,0,0,0,5.16666666666667,0,0,2,0,2,2,12
1,0,1,2,1,1,0,0,0,1,5.16666666666667,12,25,"Brett Ott,Jake Bruns,Jake Digiorgio,Parker Joncus,Zach Parduhn",2,1.53333333333333,0,1,0,1,4,2,2,2,1,1,0,1,6,0,2,1,1,2,0,2,1,1,-4,0,1,0,1,3.63333333333333,1,0,1,1,0,2,12
0,0,1,2,0,2,2,1,1,2,3.63333333333333,12,26,"Brett Ott,Calvin Schmitz,Jalen Lomax,Kohl Linder,Zach Parduhn",1,2.58333333333333,0,1,0,2,2,1,1,4,3,1,1,0,5,1,0,0,0,2,0,2,1,1,-4,0,1,0,1,1.05,1,1,1,0,1,2,12
1,0,1,5,2,3,1,1,0,0,1.05,12,27,"Ben Wagner,Brett Ott,Calvin Schmitz,Jalen Lomax,Kohl Linder",5,1.05,2,0,0,1,1,0,1,0,0,0,1,0,0,0,0,0,0,1,1,1,0,1,0,0,0,0,0,0,3,0,5,2,3,2,12
3,0,4,10,5,5,1,1,0,1,20,14,1,"Calvin Schmitz,Jake Digiorgio,Max Hisatake,Otis Reale,Parker Joncus",13,5.33333333333333,1,3,0,4,8,4,4,0,0,0,1,0,9,0,3,1,2,4,1,5,3,2,4,1,3,2,1,14.6666666666667,5,0,7,3,4,1,12
0,0,0,2,1,1,0,0,0,1,14.6666666666667,14,2,"Ahmad Muhammad,Jake Digiorgio,Max Hisatake,Otis Reale,Parker Joncus",3,0.533333333333333,0,0,0,0,0,0,0,2,2,0,0,0,2,0,0,0,0,0,0,0,0,0,1,0,1,1,0,14.1333333333333,0,0,1,0,1,1,12
0,0,0,0,0,0,0,0,0,0,14.1333333333333,14,3,"Ahmad Muhammad,Jake Digiorgio,Kohl Linder,Otis Reale,Parker Joncus",0,0.383333333333333,0,0,0,0,1,1,0,0,0,0,0,0,2,1,0,0,0,0,0,1,1,0,-2,0,0,0,0,13.75,0,1,0,0,0,1,12
0,0,0,1,0,1,0,0,0,1,13.75,14,4,"Ahmad Muhammad,Jake Digiorgio,Kohl Linder,Milos Dugalic,Otis Reale",0,0.449999999999999,1,0,0,0,0,0,0,0,0,0,0,0,0,1,0,0,0,0,0,0,0,0,0,0,1,0,1,13.3,1,1,0,0,0,1,12
0,0,1,0,0,0,0,0,0,0,13.3,14,5,"Ahmad Muhammad,Jake Bruns,Jake Digiorgio,Kohl Linder,Milos Dugalic",0,0.633333333333335,0,0,0,0,1,0,1,0,0,0,0,0,0,0,0,0,0,0,0,1,0,1,0,0,0,0,0,12.6666666666667,1,1,0,0,0,1,12
0,0,1,3,0,3,2,1,1,1,12.6666666666667,14,6,"Ahmad Muhammad,Jake Bruns,Kohl Linder,Max Hisatake,Milos Dugalic",1,1.56666666666667,1,0,0,2,3,1,2,1,1,0,1,1,3,0,1,0,1,3,1,2,1,1,-2,0,1,0,1,11.1,2,0,2,0,2,1,12
1,0,1,1,1,0,0,0,0,0,11.1,14,7,"Ahmad Muhammad,Jake Bruns,Jake Digiorgio,Max Hisatake,Milos Dugalic",3,1.3,0,0,0,0,3,0,3,0,0,0,0,2,0,0,0,0,0,2,0,3,0,3,3,0,1,1,0,9.8,1,0,0,0,0,1,12
0,0,1,2,0,2,0,0,0,0,9.8,14,8,"Ahmad Muhammad,Cody Mattson,Jake Bruns,Jake Digiorgio,Max Hisatake",0,1.08333333333333,0,0,0,2,2,1,1,0,0,0,0,0,2,0,0,0,0,2,0,2,1,1,-2,0,0,0,0,8.71666666666667,1,0,2,0,2,1,12
0,0,1,2,1,1,0,0,0,1,8.71666666666667,14,9,"Ahmad Muhammad,Cody Mattson,Jake Bruns,Jake Digiorgio,Kohl Linder",2,1.55,0,0,0,1,2,1,1,2,2,0,0,0,4,0,0,0,0,1,0,2,1,1,-2,0,0,0,0,7.16666666666667,1,0,2,1,1,1,12
0,0,1,3,1,2,0,0,0,1,7.16666666666667,14,10,"Calvin Schmitz,Jake Digiorgio,Max Hisatake,Milos Dugalic,Zach Parduhn",2,1.35,2,0,0,0,1,0,1,0,0,0,0,0,0,0,1,0,1,0,1,0,0,0,2,1,1,0,1,5.81666666666667,3,1,2,1,1,1,12
1,0,1,2,2,0,0,0,0,0,5.81666666666667,14,11,"Calvin Schmitz,Jake Digiorgio,Kohl Linder,Milos Dugalic,Otis Reale",4,1.38333333333333,0,0,0,0,2,1,1,0,0,0,0,0,2,1,0,0,0,0,0,2,1,1,2,0,0,0,0,4.43333333333333,1,1,2,2,0,1,12
1,0,2,2,1,1,0,0,0,1,4.43333333333333,14,12,"Calvin Schmitz,Jake Digiorgio,Milos Dugalic,Otis Reale,Parker Joncus",2,1.31666666666667,0,0,0,1,2,0,2,2,2,0,0,0,2,1,2,0,2,1,1,0,0,0,0,0,0,0,0,3.11666666666667,2,1,2,1,1,1,12
0,0,0,0,0,0,0,0,0,0,3.11666666666667,14,13,"Ahmad Muhammad,Jake Digiorgio,Max Hisatake,Otis Reale,Parker Joncus",0,0.35,0,1,0,0,1,1,0,0,0,0,1,0,2,1,0,0,0,0,0,1,1,0,-2,0,0,0,0,2.76666666666667,0,1,0,0,0,1,12
0,0,0,3,0,3,0,0,0,1,2.76666666666667,14,14,"Ahmad Muhammad,Jake Digiorgio,Milos Dugalic,Otis Reale,Parker Joncus",0,0.433333333333333,2,0,0,1,0,0,0,2,2,0,1,0,2,0,0,0,0,1,0,0,0,0,-2,0,0,0,0,2.33333333333333,2,0,3,0,3,1,12
0,0,0,1,0,1,0,0,0,1,2.33333333333333,14,15,"Ahmad Muhammad,Jake Digiorgio,Max Hisatake,Otis Reale,Parker Joncus",0,0.233333333333333,0,0,0,1,0,0,0,1,0,1,0,0,0,0,0,0,0,1,0,0,0,0,0,0,0,0,0,2.1,0,0,1,0,1,1,12
0,1,3,3,2,1,5,5,0,0,2.1,14,16,"Ahmad Muhammad,Jake Digiorgio,Milos Dugalic,Otis Reale,Parker Joncus",9,1.78333333333333,0,1,1,1,3,1,2,0,0,0,4,0,2,0,0,0,0,1,0,3,1,2,7,0,0,0,0,0.316666666666667,3,0,3,2,1,1,12
0,0,1,0,0,0,1,0,1,0,0.316666666666667,14,17,"Ahmad Muhammad,Jake Digiorgio,Milos Dugalic,Parker Joncus,Zach Parduhn",0,0.316666666666667,0,0,0,1,1,0,1,0,0,0,1,0,0,0,0,0,0,1,0,1,0,1,0,0,0,0,0,0,1,0,0,0,0,1,12
2,0,5,8,5,3,2,1,1,2,20,14,18,"Calvin Schmitz,Jake Digiorgio,Max Hisatake,Otis Reale,Parker Joncus",11,5.08333333333333,0,0,0,3,10,4,6,2,1,1,1,1,9,0,3,0,3,4,0,7,4,3,2,0,2,0,2,14.9166666666667,5,0,6,5,1,2,12
0,0,1,2,0,2,0,0,0,0,14.9166666666667,14,19,"Jake Bruns,Jake Digiorgio,Kohl Linder,Otis Reale,Parker Joncus",0,1.2,0,0,0,2,2,0,2,0,0,0,0,1,0,0,1,0,1,3,1,1,0,1,0,0,0,0,0,13.7166666666667,1,0,2,0,2,2,12
0,0,1,3,2,1,2,2,0,2,13.7166666666667,14,20,"Jake Bruns,Kohl Linder,Max Hisatake,Milos Dugalic,Otis Reale",6,1.2,1,0,1,0,1,1,0,1,0,1,1,0,2,0,0,0,0,0,1,1,1,0,4,1,0,0,0,12.5166666666667,2,0,3,2,1,2,12
0,0,0,0,0,0,0,0,0,1,12.5166666666667,14,21,"Ahmad Muhammad,Jake Bruns,Kohl Linder,Max Hisatake,Milos Dugalic",0,0.716666666666667,0,0,0,0,1,0,1,2,2,0,0,0,2,0,0,0,0,0,0,1,0,1,-2,0,0,0,0,11.8,0,0,0,0,0,2,12
0,0,0,2,0,2,0,0,0,0,11.8,14,22,"Ahmad Muhammad,Calvin Schmitz,Jake Bruns,Max Hisatake,Ricardo Whitehead",0,0.833333333333334,0,0,0,1,2,1,1,0,0,0,0,1,2,0,0,0,0,2,0,2,1,1,-2,0,1,0,1,10.9666666666667,0,0,1,0,1,2,12
1,0,1,1,1,0,0,0,0,1,10.9666666666667,14,23,"Calvin Schmitz,Jake Bruns,Max Hisatake,Otis Reale,Ricardo Whitehead",2,0.866666666666667,0,0,0,0,1,0,1,0,0,0,0,0,0,0,0,0,0,0,0,1,0,1,2,0,0,0,0,10.1,1,0,1,1,0,2,12
0,0,1,2,1,1,0,0,0,1,10.1,14,24,"Calvin Schmitz,Jake Bruns,Jake Digiorgio,Otis Reale,Ricardo Whitehead",2,0.75,0,0,0,1,3,1,2,1,0,1,0,1,2,0,0,0,0,2,0,3,1,2,0,0,0,0,0,9.35,1,0,2,1,1,2,12
0,0,1,1,0,1,0,0,0,0,9.35,14,25,"Calvin Schmitz,Jake Bruns,Jake Digiorgio,Max Hisatake,Otis Reale",0,1.03333333333333,0,1,0,1,1,1,0,0,0,0,1,0,2,1,0,0,0,1,1,1,1,0,-2,1,0,0,0,8.31666666666667,1,1,1,0,1,2,12
0,0,1,2,0,2,0,0,0,0,8.31666666666667,14,26,"Jake Digiorgio,Max Hisatake,Milos Dugalic,Otis Reale,Parker Joncus",0,0.55,0,0,1,1,1,0,1,0,0,0,1,0,0,0,0,0,0,1,0,1,0,1,0,0,0,0,0,7.76666666666667,1,1,2,0,2,2,12
0,0,0,2,1,1,0,0,0,2,7.76666666666667,14,27,"Jake Digiorgio,Kohl Linder,Milos Dugalic,Otis Reale,Parker Joncus",2,0.55,1,0,0,0,1,0,1,4,4,0,0,1,4,0,1,0,1,1,0,0,0,0,-2,0,0,0,0,7.21666666666667,1,0,2,1,1,2,12
1,1,0,2,1,1,2,1,1,1,7.21666666666667,14,28,"Jake Digiorgio,Max Hisatake,Milos Dugalic,Otis Reale,Parker Joncus",3,2.86666666666667,0,3,0,1,4,3,1,2,2,0,3,1,10,2,2,2,0,2,1,2,1,1,-7,0,1,0,1,4.35,0,3,1,1,0,2,12
1,0,2,4,1,3,0,0,0,1,4.35,14,29,"Jake Bruns,Jake Digiorgio,Max Hisatake,Otis Reale,Parker Joncus",3,2.6,2,0,0,1,4,1,3,2,2,0,0,1,4,0,2,0,2,2,0,2,1,1,-1,0,3,1,2,1.75,4,1,1,0,1,2,12
1,0,0,5,1,4,0,0,0,3,1.75,14,30,"Jake Bruns,Jake Digiorgio,Milos Dugalic,Otis Reale,Parker Joncus",3,1.75,1,0,0,2,0,0,0,6,5,1,0,0,5,0,0,0,0,2,1,0,0,0,0,0,4,1,3,0,1,1,1,0,1,2,12
2,0,6,5,3,2,2,1,1,1,20,10,1,"Ahmad Muhammad,Anthony Mosley,Jake Digiorgio,Max Hisatake,Parker Joncus",8,3.98333333333333,0,0,1,2,6,0,6,2,2,0,2,0,2,0,1,0,1,2,0,5,0,5,6,0,2,1,1,16.0166666666667,6,2,3,2,1,1,12
1,0,2,3,2,1,2,1,1,1,16.0166666666667,10,2,"Anthony Mosley,Jake Digiorgio,Max Hisatake,Otis Reale,Parker Joncus",6,2.33333333333333,2,0,0,0,3,1,2,0,0,0,2,0,2,0,0,0,0,0,1,3,1,2,4,0,1,1,0,13.6833333333333,4,1,2,1,1,1,12
0,0,0,3,1,2,0,0,0,1,13.6833333333333,10,3,"Anthony Mosley,Capriest Gardner,Jake Digiorgio,Milos Dugalic,Otis Reale",2,0.883333333333333,1,0,0,1,2,2,0,0,0,0,1,0,4,0,0,0,0,1,0,2,2,0,-2,0,0,0,0,12.8,1,1,3,1,2,1,12
1,0,1,6,2,4,0,0,0,0,12.8,10,4,"Capriest Gardner,Jake Bruns,Jake Digiorgio,Milos Dugalic,Otis Reale",5,2.61666666666667,2,1,1,2,4,2,2,0,0,0,0,1,4,0,1,0,1,3,1,3,2,1,1,0,2,1,1,10.1833333333333,3,0,4,1,3,1,12
0,0,0,0,0,0,0,0,0,0,10.1833333333333,10,5,"Ahmad Muhammad,Capriest Gardner,Jake Bruns,Max Hisatake,Milos Dugalic",0,0.15,0,0,0,0,0,0,0,0,0,0,0,0,0,0,0,0,0,0,0,0,0,0,0,0,0,0,0,10.0333333333333,0,1,0,0,0,1,12
0,0,0,0,0,0,0,0,0,1,10.0333333333333,10,6,"Ahmad Muhammad,Anthony Mosley,Jake Bruns,Max Hisatake,Milos Dugalic",0,0.449999999999999,0,0,0,0,0,0,0,2,2,0,0,0,2,0,0,0,0,0,0,0,0,0,-2,0,0,0,0,9.58333333333333,0,1,0,0,0,1,12
1,1,2,4,1,3,3,2,1,2,9.58333333333333,10,7,"Ahmad Muhammad,Anthony Mosley,Max Hisatake,Milos Dugalic,Parker Joncus",4,2.76666666666667,0,0,1,3,3,0,3,2,1,1,2,1,1,1,0,0,0,4,3,3,0,3,3,2,2,0,2,6.81666666666667,2,1,2,1,1,1,12
1,0,1,4,2,2,0,0,0,0,6.81666666666667,10,8,"Ahmad Muhammad,Anthony Mosley,Jake Digiorgio,Milos Dugalic,Parker Joncus",4,2.48333333333333,0,3,0,2,5,4,1,0,0,0,0,0,10,0,2,2,0,2,0,3,2,1,-6,0,1,0,1,4.33333333333333,1,0,3,2,1,1,12
0,0,1,1,0,1,0,0,0,0,4.33333333333333,10,9,"Anthony Mosley,Calvin Schmitz,Jake Digiorgio,Otis Reale,Parker Joncus",0,1.78333333333333,0,0,0,1,2,1,1,0,0,0,0,0,2,2,0,0,0,1,0,2,1,1,-2,0,0,0,0,2.55,1,2,1,0,1,1,12
0,0,1,1,0,1,3,2,1,0,2.55,10,10,"Calvin Schmitz,Jake Bruns,Jake Digiorgio,Max Hisatake,Otis Reale",2,1.15,1,1,0,1,2,1,1,0,0,0,2,0,3,1,2,1,1,1,0,0,0,0,-1,0,0,0,0,1.4,2,1,1,0,1,1,12
1,0,0,1,1,0,0,0,0,0,1.4,10,11,"Calvin Schmitz,Jake Bruns,Jake Digiorgio,Otis Reale,Parker Joncus",3,1.4,0,1,0,0,3,2,1,0,0,0,0,1,5,0,1,1,0,1,0,2,1,1,0,0,1,1,0,0,0,0,0,0,0,1,12
1,0,4,7,2,5,3,0,3,3,20,10,12,"Ahmad Muhammad,Anthony Mosley,Jake Digiorgio,Max Hisatake,Parker Joncus",4,3.8,2,0,1,3,4,0,4,2,0,2,3,1,0,2,1,0,1,4,3,3,0,3,4,3,2,0,2,16.2,6,3,5,2,3,2,12
0,0,0,3,0,3,0,0,0,0,16.2,10,13,"Anthony Mosley,Jake Digiorgio,Max Hisatake,Otis Reale,Parker Joncus",0,2.41666666666667,0,1,0,2,3,2,1,0,0,0,2,1,4,0,0,0,0,3,2,3,2,1,-4,1,1,0,1,13.7833333333333,0,0,2,0,2,2,12
0,0,0,1,0,1,0,0,0,1,13.7833333333333,10,14,"Anthony Mosley,Jake Digiorgio,Max Hisatake,Milos Dugalic,Otis Reale",0,0.333333333333334,0,0,0,1,0,0,0,2,2,0,0,0,2,0,0,0,0,1,0,0,0,0,-2,0,1,0,1,13.45,0,0,0,0,0,2,12
1,0,0,3,1,2,0,0,0,0,13.45,10,15,"Capriest Gardner,Jake Bruns,Max Hisatake,Milos Dugalic,Otis Reale",2,1.7,1,0,1,1,2,1,1,0,0,0,0,1,2,0,0,0,0,2,1,2,1,1,0,0,1,0,1,11.75,1,0,2,1,1,2,12
0,0,1,0,0,0,2,2,0,0,11.75,10,16,"Capriest Gardner,Jake Bruns,Jake Digiorgio,Milos Dugalic,Otis Reale",2,1.33333333333333,0,0,0,0,1,0,1,0,0,0,2,0,0,0,0,0,0,0,0,1,0,1,2,0,0,0,0,10.4166666666667,1,1,0,0,0,2,12
0,0,1,1,0,1,0,0,0,1,10.4166666666667,10,17,"Capriest Gardner,Jake Bruns,Milos Dugalic,Otis Reale,Ricardo Whitehead",0,0.916666666666666,0,0,0,1,1,0,1,0,0,0,0,0,0,0,0,0,0,1,0,1,0,1,0,0,0,0,0,9.5,1,0,1,0,1,2,12
1,0,2,2,1,1,1,1,0,0,9.5,10,18,"Jake Bruns,Max Hisatake,Otis Reale,Parker Joncus,Ricardo Whitehead",4,1.45,0,0,0,1,3,1,2,0,0,0,1,0,2,0,2,0,2,1,0,1,1,0,2,0,1,1,0,8.05,2,0,1,0,1,2,12
0,1,1,0,0,0,1,0,1,1,8.05,10,19,"Anthony Mosley,Max Hisatake,Otis Reale,Parker Joncus,Ricardo Whitehead",0,0.683333333333334,0,0,0,1,1,0,1,0,0,0,0,0,0,0,0,0,0,1,0,1,0,1,0,0,0,0,0,7.36666666666667,1,1,0,0,0,2,12
0,1,1,3,1,2,0,0,0,1,7.36666666666667,10,20,"Anthony Mosley,Jake Digiorgio,Max Hisatake,Otis Reale,Parker Joncus",2,1.11666666666667,1,0,1,0,1,0,1,2,2,0,0,0,2,1,0,0,0,0,1,1,0,1,0,1,1,0,1,6.25,2,1,2,1,1,2,12
0,0,1,3,1,2,0,0,0,1,6.25,10,21,"Anthony Mosley,Jake Bruns,Jake Digiorgio,Parker Joncus,Ricardo Whitehead",2,1.05,1,0,0,1,1,0,1,0,0,0,0,0,0,0,1,0,1,1,0,0,0,0,2,0,0,0,0,5.2,2,0,3,1,2,2,12
0,0,1,2,1,1,0,0,0,1,5.2,10,22,"Ahmad Muhammad,Anthony Mosley,Jake Digiorgio,Parker Joncus,Ricardo Whitehead",2,0.916666666666667,0,1,0,0,1,1,0,2,1,1,0,0,3,0,0,0,0,0,0,1,1,0,-1,0,0,0,0,4.28333333333333,1,0,2,1,1,2,12
1,0,1,3,1,2,4,3,1,3,4.28333333333333,10,23,"Ahmad Muhammad,Anthony Mosley,Jake Digiorgio,Max Hisatake,Parker Joncus",5,4.08333333333333,0,2,1,1,4,3,1,5,3,2,2,0,9,2,0,0,0,1,2,4,3,1,-4,1,0,0,0,0.2,1,2,3,1,2,2,12
0,0,2,1,0,1,0,0,0,2,0.2,10,24,"Ahmad Muhammad,Anthony Mosley,Jake Bruns,Jake Digiorgio,Parker Joncus",0,0.2,0,0,0,1,0,0,0,4,2,2,0,0,2,0,0,0,0,1,0,0,0,0,0,0,1,0,1,0,2,1,0,0,0,2,12
2,1,5,7,4,3,0,0,0,0,20,9,1,"Ahmad Muhammad,Anthony Mosley,Jake Digiorgio,Max Hisatake,Parker Joncus",9,6.93333333333333,1,1,0,2,10,4,6,0,0,0,1,1,9,3,5,1,4,3,0,5,3,2,0,0,3,1,2,13.0666666666667,6,3,4,3,1,1,12
1,0,2,4,2,2,0,0,0,1,13.0666666666667,9,2,"Anthony Mosley,Capriest Gardner,Milos Dugalic,Otis Reale,Ricardo Whitehead",5,2.95,0,2,0,2,4,2,2,0,0,0,0,0,5,0,2,1,1,2,0,2,1,1,0,0,1,1,0,10.1166666666667,2,1,3,1,2,1,12
0,0,2,2,1,1,0,0,0,0,10.1166666666667,9,3,"Calvin Schmitz,Jake Bruns,Max Hisatake,Milos Dugalic,Otis Reale",2,1.66666666666667,1,0,0,0,3,1,2,0,0,0,1,0,2,1,2,0,2,0,0,1,1,0,0,0,0,0,0,8.45,3,1,2,1,1,1,12
0,0,0,1,0,1,0,0,0,1,8.45,9,4,"Anthony Mosley,Calvin Schmitz,Jake Bruns,Max Hisatake,Milos Dugalic",0,0.433333333333332,0,0,0,1,0,0,0,0,0,0,0,0,0,0,0,0,0,1,0,0,0,0,0,0,0,0,0,8.01666666666667,0,0,1,0,1,1,12
0,0,0,0,0,0,0,0,0,1,8.01666666666667,9,5,"Anthony Mosley,Calvin Schmitz,Jake Bruns,Jake Digiorgio,Max Hisatake",0,0.616666666666667,0,0,0,0,1,0,1,0,0,0,0,1,0,0,0,0,0,1,0,1,0,1,0,0,0,0,0,7.4,0,0,0,0,0,1,12
0,0,1,4,1,3,0,0,0,3,7.4,9,6,"Ahmad Muhammad,Anthony Mosley,Calvin Schmitz,Jake Digiorgio,Max Hisatake",2,3.01666666666667,2,1,1,0,3,1,2,0,0,0,0,1,3,1,2,1,1,1,1,1,0,1,-1,0,0,0,0,4.38333333333333,3,3,4,1,3,1,12
1,1,1,4,3,1,3,2,1,0,4.38333333333333,9,7,"Anthony Mosley,Jake Digiorgio,Max Hisatake,Otis Reale,Parker Joncus",8,4.38333333333333,0,1,0,3,7,3,4,0,0,0,3,1,7,0,3,1,2,4,2,4,2,2,0,2,0,0,0,0,1,1,4,3,1,1,12
1,2,4,3,1,2,2,2,0,0,20,9,8,"Ahmad Muhammad,Anthony Mosley,Jake Digiorgio,Max Hisatake,Parker Joncus",4,3.23333333333333,1,1,0,1,5,1,4,0,0,0,1,0,2,1,1,0,1,1,0,4,1,3,2,0,1,0,1,16.7666666666667,5,2,2,1,1,2,12
1,0,0,3,1,2,3,1,2,1,16.7666666666667,9,9,"Anthony Mosley,Jake Digiorgio,Max Hisatake,Milos Dugalic,Otis Reale",3,2.01666666666667,1,2,0,2,3,3,0,0,0,0,2,0,7,0,1,1,0,2,1,2,2,0,-4,1,0,0,0,14.75,1,1,3,1,2,2,12
1,0,2,2,1,1,0,0,0,1,14.75,9,10,"Jake Bruns,Kohl Linder,Max Hisatake,Milos Dugalic,Otis Reale",3,2.5,0,0,0,1,3,1,2,0,0,0,1,0,2,0,1,0,1,1,1,2,1,1,1,0,1,1,0,12.25,2,2,1,0,1,2,12
1,0,2,5,3,2,2,1,1,0,12.25,9,11,"Calvin Schmitz,Jake Bruns,Jake Digiorgio,Milos Dugalic,Zach Parduhn",8,3.9,1,3,1,1,5,3,2,0,0,0,2,0,7,1,2,1,1,1,1,3,2,1,1,0,3,1,2,8.35,3,1,2,2,0,2,12
1,2,3,8,4,4,4,3,1,4,8.35,9,12,"Ahmad Muhammad,Anthony Mosley,Jake Digiorgio,Max Hisatake,Milos Dugalic",12,6.93333333333333,3,1,0,2,9,2,7,2,0,2,2,2,4,1,4,0,4,4,2,5,2,3,8,1,1,1,0,1.41666666666667,6,1,7,3,4,2,12
0,0,1,1,0,1,2,2,0,1,1.41666666666667,9,13,"Ahmad Muhammad,Anthony Mosley,Jake Digiorgio,Milos Dugalic,Parker Joncus",2,1.41666666666667,1,0,0,0,4,1,3,1,1,0,1,0,3,1,3,0,3,0,0,1,1,0,0,0,1,0,1,0,2,2,0,0,0,2,12
3,0,5,6,4,2,4,3,1,0,20,11,1,"Ahmad Muhammad,Jake Digiorgio,Max Hisatake,Otis Reale,Parker Joncus",11,4.78333333333333,0,2,0,2,8,2,6,0,0,0,2,1,5,0,5,1,4,3,1,3,1,2,6,1,1,0,1,15.2166666666667,5,0,5,4,1,1,12
1,0,0,2,2,0,0,0,0,1,15.2166666666667,11,2,"Ahmad Muhammad,Capriest Gardner,Jake Bruns,Max Hisatake,Milos Dugalic",4,1.66666666666667,0,1,0,0,2,2,0,0,0,0,0,0,4,0,0,0,0,0,2,2,2,0,0,1,0,0,0,13.55,0,1,2,2,0,1,12
0,0,0,1,0,1,0,0,0,0,13.55,11,3,"Capriest Gardner,Jake Bruns,Max Hisatake,Milos Dugalic,Otis Reale",0,0.350000000000001,0,0,0,1,0,0,0,0,0,0,0,0,0,0,0,0,0,1,0,0,0,0,0,0,0,0,0,13.2,0,0,1,0,1,1,12
0,0,0,2,1,1,0,0,0,0,13.2,11,4,"Capriest Gardner,Jake Bruns,Jake Digiorgio,Milos Dugalic,Otis Reale",2,1.15,0,0,0,1,2,2,0,0,0,0,0,0,4,0,0,0,0,1,1,2,2,0,-2,0,0,0,0,12.05,0,0,2,1,1,1,12
0,0,1,1,0,1,0,0,0,0,12.05,11,5,"Calvin Schmitz,Jake Digiorgio,Milos Dugalic,Otis Reale,Parker Joncus",0,0.466666666666667,0,0,0,1,1,0,1,0,0,0,1,0,0,0,1,0,1,1,0,0,0,0,0,0,0,0,0,11.5833333333333,1,0,1,0,1,1,12
1,0,1,3,2,1,0,0,0,0,11.5833333333333,11,6,"Calvin Schmitz,Jake Digiorgio,Max Hisatake,Otis Reale,Parker Joncus",4,1.91666666666667,0,0,0,0,1,0,1,0,0,0,0,0,0,0,0,0,0,0,1,1,0,1,4,0,1,0,1,9.66666666666667,1,0,2,2,0,1,12
2,0,1,3,2,1,0,0,0,1,9.66666666666667,11,7,"Ahmad Muhammad,Jake Digiorgio,Max Hisatake,Otis Reale,Parker Joncus",6,2.56666666666667,0,1,0,1,4,2,2,2,1,1,1,0,5,1,0,0,0,1,0,4,2,2,1,0,2,2,0,7.1,1,1,1,0,1,1,12
1,0,0,1,1,0,0,0,0,1,7.1,11,8,"Ahmad Muhammad,Capriest Gardner,Jake Bruns,Max Hisatake,Milos Dugalic",2,0.566666666666666,0,0,0,0,0,0,0,0,0,0,0,0,0,0,0,0,0,0,0,0,0,0,2,0,0,0,0,6.53333333333333,0,0,1,1,0,1,12
0,0,0,1,0,1,0,0,0,0,6.53333333333333,11,9,"Ahmad Muhammad,Capriest Gardner,Jake Bruns,Jake Digiorgio,Milos Dugalic",0,0.65,0,0,0,1,2,1,1,0,0,0,0,1,2,0,0,0,0,2,1,2,1,1,-2,0,0,0,0,5.88333333333333,0,0,1,0,1,1,12
0,0,0,3,0,3,0,0,0,0,5.88333333333333,11,10,"Ahmad Muhammad,Capriest Gardner,Jake Bruns,Max Hisatake,Milos Dugalic",0,1.35,1,0,0,2,1,1,0,0,0,0,1,0,2,0,0,0,0,2,1,1,1,0,-2,0,1,0,1,4.53333333333333,1,0,2,0,2,1,12
0,0,1,2,0,2,0,0,0,1,4.53333333333333,11,11,"Ahmad Muhammad,Jake Bruns,Max Hisatake,Milos Dugalic,Parker Joncus",0,1.51666666666667,0,0,0,2,2,1,1,0,0,0,0,0,2,0,0,0,0,2,0,2,1,1,-2,0,1,0,1,3.01666666666667,1,1,1,0,1,1,12
1,0,0,1,1,0,0,0,0,0,3.01666666666667,11,12,"Ahmad Muhammad,Jake Bruns,Jake Digiorgio,Max Hisatake,Parker Joncus",2,1.08333333333333,0,1,0,0,1,1,0,0,0,0,0,0,2,0,0,0,0,0,1,1,1,0,0,0,0,0,0,1.93333333333333,0,0,1,1,0,1,12
0,1,1,3,2,1,0,0,0,1,1.93333333333333,11,13,"Ahmad Muhammad,Jake Digiorgio,Kohl Linder,Otis Reale,Parker Joncus",5,1.93333333333333,0,1,0,0,3,1,2,0,0,0,0,0,2,0,1,0,1,0,0,2,1,1,0,0,1,1,0,0,1,0,2,1,1,1,12
2,0,3,7,3,4,0,0,0,2,20,11,14,"Ahmad Muhammad,Jake Digiorgio,Max Hisatake,Otis Reale,Parker Joncus",7,4.45,1,0,1,1,3,1,2,4,2,2,4,0,4,1,2,0,2,1,2,1,1,0,3,0,2,1,1,15.55,4,2,5,2,3,2,12
0,0,1,1,0,1,0,0,0,0,15.55,11,15,"Capriest Gardner,Jake Bruns,Max Hisatake,Milos Dugalic,Otis Reale",0,0.816666666666668,0,0,0,1,1,0,1,0,0,0,0,0,0,0,0,0,0,1,1,1,0,1,0,1,0,0,0,14.7333333333333,1,1,1,0,1,2,12
0,0,0,3,1,2,0,0,0,1,14.7333333333333,11,16,"Capriest Gardner,Jake Bruns,Max Hisatake,Milos Dugalic,Zach Parduhn",2,0.85,2,0,0,1,1,1,0,1,0,1,0,0,2,0,0,0,0,1,0,1,1,0,0,0,0,0,0,13.8833333333333,2,0,3,1,2,2,12
0,0,0,3,1,2,0,0,0,1,13.8833333333333,11,17,"Calvin Schmitz,Capriest Gardner,Jake Bruns,Jake Digiorgio,Zach Parduhn",2,1.75,1,0,0,1,1,1,0,0,0,0,0,0,2,0,0,0,0,1,0,1,1,0,0,0,1,0,1,12.1333333333333,1,0,2,1,1,2,12
0,0,0,1,0,1,0,0,0,0,12.1333333333333,11,18,"Ahmad Muhammad,Calvin Schmitz,Capriest Gardner,Jake Digiorgio,Otis Reale",0,0.666666666666666,0,1,1,0,1,1,0,0,0,0,0,0,3,0,1,1,0,0,0,0,0,0,-3,0,0,0,0,11.4666666666667,0,0,1,0,1,2,12
0,1,1,2,1,1,2,2,0,2,11.4666666666667,11,19,"Ahmad Muhammad,Jake Digiorgio,Max Hisatake,Otis Reale,Parker Joncus",4,2.05,1,0,0,0,4,1,3,2,2,0,1,2,4,0,0,0,0,2,0,4,1,3,0,0,0,0,0,9.41666666666667,2,1,2,1,1,2,12
2,0,1,3,2,1,0,0,0,0,9.41666666666667,11,20,"Ahmad Muhammad,Jake Digiorgio,Kohl Linder,Otis Reale,Parker Joncus",5,2.5,0,2,0,0,5,3,2,0,0,0,0,1,8,0,3,2,1,1,0,2,1,1,-3,0,2,1,1,6.91666666666667,1,0,1,1,0,2,12
0,0,1,2,0,2,0,0,0,0,6.91666666666667,11,21,"Ahmad Muhammad,Capriest Gardner,Jake Digiorgio,Otis Reale,Parker Joncus",0,1.06666666666667,0,0,0,2,1,0,1,0,0,0,0,0,0,0,0,0,0,2,0,1,0,1,0,0,0,0,0,5.85,1,0,2,0,2,2,12
0,1,2,3,1,2,0,0,0,1,5.85,11,22,"Ahmad Muhammad,Jake Digiorgio,Max Hisatake,Otis Reale,Parker Joncus",2,2.56666666666667,0,1,0,2,4,1,3,2,2,0,0,1,5,0,1,1,0,3,0,3,0,3,-3,0,1,0,1,3.28333333333333,2,0,2,1,1,2,12
0,0,0,0,0,0,0,0,0,1,3.28333333333333,11,23,"Ahmad Muhammad,Capriest Gardner,Jake Digiorgio,Otis Reale,Parker Joncus",0,0.433333333333333,0,0,0,1,0,0,0,2,1,1,0,0,1,0,0,0,0,1,1,0,0,0,-1,1,0,0,0,2.85,0,0,0,0,0,2,12
0,0,2,4,1,3,0,0,0,1,2.85,11,24,"Ahmad Muhammad,Jake Digiorgio,Max Hisatake,Otis Reale,Parker Joncus",2,2.85,2,1,0,0,2,1,1,1,0,1,1,0,3,1,2,1,1,0,0,0,0,0,0,0,1,0,1,0,4,2,3,1,2,2,12
2,0,1,6,3,3,6,4,2,0,5,11,25,"Ahmad Muhammad,Jake Digiorgio,Max Hisatake,Otis Reale,Parker Joncus",10,3.93333333333333,3,0,0,2,4,3,1,0,0,0,3,0,6,0,0,0,0,2,1,4,3,1,4,0,0,0,0,1.06666666666667,4,0,6,3,3,3,12
0,0,0,0,0,0,0,0,0,0,1.06666666666667,11,26,"Ahmad Muhammad,Capriest Gardner,Jake Digiorgio,Otis Reale,Parker Joncus",0,0.166666666666667,0,0,0,0,1,1,0,0,0,0,0,0,2,0,0,0,0,0,0,1,1,0,-2,0,0,0,0,0.9,0,0,0,0,0,3,12
0,0,0,1,0,1,0,0,0,0,0.9,11,27,"Ahmad Muhammad,Jake Digiorgio,Max Hisatake,Otis Reale,Parker Joncus",0,0.9,0,0,0,1,1,0,1,0,0,0,0,1,0,0,1,0,1,2,0,0,0,0,0,0,1,0,1,0,0,0,0,0,0,3,12
